username;age;salary;monthly_expense;late_payment;debt_amount;num_loans;housing_status;has_workers;savings_balance;has_dependents;financial_burden;loans_to_age;net_balance;workers_but_low_income;financial_distress;median
user057;57;18795;6136;no;46092;3;rent;no;54117;no;0.530804426;0.051724138;8025;0;0;11045.5
omar9445;86;3860;6760;no;10350;6;rent;no;51096;no;1.974229474;0.068965517;40746;0;0;
huda963;20;8390;2240;no;30622;0;own;no;2910;no;0.571068208;0;-27712;0;0;
fatima380;66;14964;1060;yes;35323;6;own;no;76383;yes;0.267529792;0.089552239;41060;0;0;
huda1468;51;14284;10130;no;2951;7;rent;no;66185;no;0.726350484;0.134615385;63234;0;0;
user441;65;9265;2639;no;17622;4;own;no;45248;yes;0.443287287;0.060606061;27626;0;0;
omar802;75;19850;7185;no;4727;1;rent;no;69656;no;0.38179017;0.013157895;64929;0;0;
fatima2271;72;7426;13312;yes;38454;4;own;yes;3049;no;2.223845429;0.054794521;-41503;1;1;
omar804;57;17423;14350;no;36469;5;own;no;60212;yes;0.997996059;0.086206897;23743;0;0;
jana34;84;14363;8970;no;35548;1;rent;no;70701;yes;0.830711037;0.011764706;35153;0;0;
user921;28;19023;13418;yes;23782;5;rent;no;74888;no;0.809495024;0.172413793;51106;0;0;
moh18;83;11322;12761;yes;28454;5;rent;yes;70282;no;1.336409668;0.05952381;41828;0;0;
rory04;23;4685;2252;yes;2368;0;own;no;89533;no;0.522691706;0;87165;0;1;
rory39;66;3769;5203;no;15592;0;rent;no;36954;no;1.724756852;0;21362;0;0;
omar8619;86;5433;9363;no;22173;9;rent;no;84719;no;2.063075083;0.103448276;62546;0;1;
sara203;63;8311;10650;no;33204;2;rent;yes;3804;no;1.614172281;0.03125;-29400;1;0;
fatima09;67;8051;4549;yes;35596;9;rent;no;87705;yes;0.933349892;0.132352941;52109;0;1;
abd3577;88;9420;5197;no;34324;9;rent;no;4405;yes;0.85525245;0.101123596;-38729;0;1;
huda468;22;9396;8009;no;46132;2;own;no;24592;no;1.261395481;0.086956522;-21540;0;0;
rory1096;86;11666;7667;no;23864;3;own;no;35643;no;0.827604926;0.034482759;11779;0;0;
jana689;89;5747;3322;no;47829;1;rent;no;57665;no;1.271355254;0.011111111;9836;0;1;
nada9628;22;3189;10828;yes;30750;8;own;no;15823;no;4.197648903;0.347826087;-14927;0;1;
abd209;26;6005;12307;no;10576;9;rent;yes;972;yes;2.195859696;0.333333333;-9604;1;0;
omar9447;71;4899;5090;no;16566;6;own;yes;10882;no;1.320510204;0.083333333;-5684;1;1;
abd53;53;4267;7960;no;7190;6;rent;no;61394;yes;2.005427991;0.111111111;54204;0;1;
rory72;89;14394;4004;no;23071;5;rent;no;66055;yes;0.411711242;0.055555556;42984;0;0;
ali2568;74;6556;6136;no;38333;2;own;yes;18769;no;1.422970362;0.026666667;-19564;1;0;
rory1022;67;6890;1329;no;15369;5;own;no;20020;yes;0.378718618;0.073529412;4651;0;0;
noor852;65;11838;4640;yes;24035;7;own;no;37748;no;0.561104541;0.106060606;13713;0;0;
moh00;56;17502;13086;yes;1589;7;rent;yes;97621;no;0.755208631;0.122807018;96032;0;0;
huda956;27;13627;14808;no;25235;8;rent;no;80374;no;1.240894971;0.285714286;55139;0;0;
user05;25;11792;8982;no;159;0;own;yes;39912;yes;0.762761808;0;39753;0;0;
huda812;20;13555;5107;yes;12145;0;rent;yes;7879;yes;0.451392987;0;-4266;0;0;
jana931;82;13253;2341;yes;15373;2;own;yes;28798;yes;0.27328228;0.024096386;13425;0;0;
user32;24;11433;12855;yes;31921;2;own;no;84826;no;1.356925252;0.08;52905;0;1;
huda9534;35;13233;9407;no;39323;9;rent;yes;41073;no;0.958434084;0.25;1750;0;0;
ahmad980;46;14016;1338;yes;16237;7;own;yes;70791;no;0.191987111;0.14893617;54554;0;0;
ali4576;37;5612;6895;no;41971;9;own;no;61983;yes;1.85152028;0.236842105;20012;0;1;
user1256;53;18787;13254;yes;8244;0;own;no;38005;no;0.742016181;0;29761;0;0;
nada2091;45;15206;3708;no;14743;1;own;no;89731;yes;0.324625721;0.02173913;74988;0;0;
nada2386;72;11226;12344;yes;31566;1;own;no;2150;yes;1.333793533;0.01369863;-33716;0;1;
rory80;52;17541;2750;no;46101;2;own;yes;23400;no;0.375769582;0.037735849;-22701;0;0;
fatima4109;84;6152;6604;yes;46109;5;rent;no;6953;no;1.697776153;0.058823529;-39156;0;1;
ali262;80;4585;3421;no;18691;0;own;no;18535;yes;1.085604739;0;-156;0;0;
reem85;40;6943;8119;yes;33996;1;rent;no;70536;yes;1.57718894;0.024390244;36540;0;1;
moh56;49;4021;9901;no;5590;0;own;no;70039;no;2.577531908;0;64449;0;0;
omar29;71;14653;6319;no;5585;4;own;no;76029;yes;0.462973705;0.055555556;70444;0;0;
moh7238;62;13805;7609;no;9227;6;rent;yes;945;yes;0.606831571;0.095238095;-10172;0;0;
huda803;39;16417;14400;no;28278;7;rent;no;33170;no;1.020617615;0.175;4892;0;0;
rory320;60;10989;6387;no;38814;9;own;yes;92944;no;0.875477707;0.147540984;54130;1;0;
noor6509;62;12692;12918;no;12237;0;rent;no;94976;no;1.098065863;0;82739;0;0;
nada457;49;15990;12834;no;15649;6;rent;no;23251;no;0.88412753;0.12;7602;0;0;
ahmad113;74;9873;4993;no;37713;4;rent;no;468;no;0.823956856;0.053333333;-38181;0;1;
moh93;37;8675;9680;no;7927;9;rent;no;76;yes;1.191860688;0.236842105;-8003;0;1;
ahmad10;78;3161;9044;no;45409;0;own;no;43037;no;4.056952351;0;-2372;0;1;
huda3013;35;7297;14849;no;48766;2;own;no;73082;no;2.591509089;0.055555556;24316;0;0;
ahmad043;69;3995;9238;no;46154;6;rent;no;87115;yes;3.274315983;0.085714286;40961;0;1;
abd7499;67;14534;12551;yes;7016;9;own;no;66621;no;0.903726637;0.132352941;59605;0;0;
omar471;83;10629;5873;no;14027;0;rent;no;72926;yes;0.662456883;0;58899;0;0;
ali372;54;4016;14327;no;48688;6;own;no;73816;yes;4.576632645;0.109090909;25128;0;1;
ali6512;72;11529;5806;yes;24142;4;own;no;84654;yes;0.678042787;0.054794521;60512;0;0;
moh833;40;12268;9592;no;46520;0;rent;no;65400;no;1.097780314;0;18880;0;0;
noor603;74;15185;13182;yes;23545;0;own;no;94525;no;0.997239782;0;70980;0;0;
moh1721;86;9331;6913;no;31897;0;rent;no;96164;no;1.025619731;0;64267;0;0;
fatima72;32;11571;8124;yes;3167;8;rent;yes;87385;no;0.724845892;0.242424242;84218;0;0;
rory94;81;10208;4157;no;44757;2;rent;no;88102;yes;0.772529141;0.024390244;43345;0;0;
moh637;54;8276;13537;no;26917;4;rent;no;5702;yes;1.906497926;0.072727273;-21215;0;0;
noor985;79;19448;1390;no;22736;9;rent;no;10385;yes;0.168886147;0.1125;-12351;0;0;
fatima3008;88;19216;13045;no;27990;8;rent;no;4336;yes;0.800202945;0.08988764;-23654;0;0;
ali2406;61;11006;5430;no;14087;5;rent;no;60421;yes;0.599974259;0.080645161;46334;0;0;
user201;77;5568;9820;no;22440;8;own;no;26225;no;2.099120129;0.102564103;3785;0;1;
moh5357;86;5027;8686;yes;35205;7;own;no;31021;no;2.311008353;0.08045977;-4184;0;1;
fatima14;38;5695;5232;no;15275;7;own;no;1218;no;1.142014864;0.179487179;-16493;0;1;
ali98;24;18422;12122;yes;5276;0;own;no;83877;yes;0.681846967;0;78601;0;0;
reem8164;22;8258;9007;no;41627;8;rent;yes;84630;no;1.510584413;0.347826087;43003;1;1;
ali49;33;9736;2521;no;40586;5;rent;yes;44111;yes;0.60626134;0.147058824;3525;1;0;
sara266;47;3391;10018;no;37496;8;rent;no;84402;yes;3.874606918;0.166666667;46906;0;1;
noor1965;83;16986;14014;no;19008;2;own;no;79585;no;0.918231589;0.023809524;60577;0;0;
sara7229;22;15666;2500;no;5738;2;rent;no;37719;no;0.1900917;0.086956522;31981;0;0;
jana870;54;8892;7737;no;32402;5;own;yes;91528;yes;1.173638442;0.090909091;59126;1;0;
moh843;20;6561;4294;yes;5793;8;rent;no;44037;no;0.727941176;0.380952381;38244;0;0;
jana4978;57;9184;6085;no;37291;6;rent;no;75103;yes;1.000825621;0.103448276;37812;0;0;
ahmad267;76;11392;3419;yes;5571;2;own;no;1487;no;0.340845256;0.025974026;-7058;0;1;
user20;64;16067;10126;no;31331;2;own;yes;8335;no;0.792688366;0.030769231;-22996;0;0;
sara6389;66;18265;4042;no;16209;1;own;no;39140;no;0.295234315;0.014925373;22931;0;0;
huda0687;64;5454;5497;no;48014;8;rent;no;99126;yes;1.741185457;0.123076923;51112;0;1;
nada588;90;14837;2466;yes;25394;2;rent;no;75373;yes;0.308812958;0.021978022;49979;0;0;
nada4923;68;17039;4561;no;43148;4;rent;no;72658;no;0.478677621;0.057971014;29510;0;0;
fatima039;50;13965;1614;yes;25682;8;own;no;29840;no;0.26880758;0.156862745;4158;0;0;
fatima45;65;12762;6392;no;2224;7;own;no;26007;yes;0.515343832;0.106060606;23783;0;0;
sara467;77;8056;8693;yes;41157;1;rent;no;51947;no;1.504623309;0.012820513;10790;0;1;
ali1987;21;17948;10374;no;48695;2;rent;yes;88220;no;0.804051293;0.090909091;39525;0;0;
moh181;31;11110;4223;no;44452;1;own;no;21393;no;0.713467135;0.03125;-23059;0;0;
reem11;82;16773;8138;no;43408;7;own;no;52480;no;0.700806804;0.084337349;9072;0;0;
ahmad90;32;3502;3667;no;32441;5;rent;no;83290;no;1.818560282;0.151515152;50849;0;1;
huda8682;46;9910;8980;no;41430;5;own;no;81335;no;1.254414287;0.106382979;39905;0;0;
sara7994;60;15685;14409;no;39129;8;own;no;99263;no;1.126466276;0.131147541;60134;0;0;
nada2779;61;3206;1130;no;34716;7;own;no;4107;yes;1.254443405;0.112903226;-30609;0;1;
rory90;30;18934;14482;no;44859;3;rent;yes;993;yes;0.962252443;0.096774194;-43866;0;0;
noor1078;25;11755;3983;no;26586;3;rent;no;91341;yes;0.527262674;0.115384615;64755;0;0;
noor767;36;15383;5278;no;44760;8;rent;no;88650;no;0.585543422;0.216216216;43890;0;0;
ahmad308;69;17820;8126;no;23478;0;rent;no;98325;yes;0.565765109;0;74847;0;0;
user85;72;10574;13651;yes;6318;1;rent;no;47066;no;1.340661939;0.01369863;40748;0;0;
rory5919;39;9374;9230;no;28694;1;own;yes;37942;yes;1.239591111;0.025;9248;1;0;
noor98;45;4678;8694;yes;20180;5;rent;no;11138;yes;2.217496616;0.108695652;-9042;0;1;
jana671;82;4059;13151;no;12180;3;own;no;39527;no;3.489162562;0.036144578;27347;0;0;
moh73;38;19198;7640;no;33002;9;rent;yes;4190;yes;0.5411827;0.230769231;-28812;0;0;
ali1228;84;12914;12779;no;15372;2;own;no;87259;yes;1.088656601;0.023529412;71887;0;0;
sara28;73;13817;6468;no;29796;2;own;no;73422;yes;0.64777826;0.027027027;43626;0;0;
ahmad8109;43;13921;1920;no;24427;2;own;yes;50698;no;0.284124647;0.045454545;26271;0;0;
ahmad64;81;12789;8564;no;33290;5;own;no;77315;no;0.886486839;0.06097561;44025;0;0;
omar829;61;19312;11961;no;28099;7;own;no;88710;no;0.740567666;0.112903226;60611;0;0;
omar93;55;14252;13303;yes;45486;6;own;no;24086;no;1.199291377;0.107142857;-21400;0;1;
abd990;43;5693;9684;no;9821;3;rent;no;12322;no;1.844470788;0.068181818;2501;0;0;
omar8353;81;16931;14737;yes;5832;3;own;yes;95814;yes;0.899066856;0.036585366;89982;0;0;
sara055;26;6627;10323;no;12820;9;rent;yes;78569;yes;1.718668276;0.333333333;65749;1;0;
moh694;58;19157;12713;no;16211;1;rent;no;80610;no;0.734101507;0.016949153;64399;0;0;
fatima42;76;13173;9502;no;39890;0;rent;no;1565;yes;0.973596984;0;-41455;0;1;
huda67;38;13230;9930;no;5842;8;rent;no;96505;yes;0.787305066;0.205128205;90663;0;0;
ahmad05;82;18707;4241;no;1316;1;rent;yes;48331;no;0.232556482;0.012048193;47015;0;0;
user324;22;14494;1545;yes;45968;7;own;no;23942;no;0.370863516;0.304347826;-22026;0;1;
sara1432;54;4306;11653;no;17508;8;own;no;54635;yes;3.044346413;0.145454545;37127;0;1;
user57;69;9776;5346;no;22005;3;own;no;24059;yes;0.734351028;0.042857143;2054;0;0;
abd50;74;12474;14046;no;15206;7;rent;no;52557;no;1.22750835;0.093333333;37351;0;0;
ahmad02;34;10526;10996;no;18971;8;rent;yes;47389;no;1.194729426;0.228571429;28418;1;0;
abd0605;45;8530;12404;no;25599;9;own;no;48014;no;1.704049936;0.195652174;22415;0;0;
reem8068;44;6748;14585;yes;22056;9;own;no;27826;no;2.43339754;0.2;5770;0;1;
huda87;85;16545;14919;no;1378;4;rent;no;25297;no;0.908608324;0.046511628;23919;0;0;
moh5191;63;3663;4810;no;1519;6;own;no;38890;no;1.347320779;0.09375;37371;0;1;
user58;42;4998;8206;yes;22161;9;rent;no;16322;no;2.01095219;0.209302326;-5839;0;1;
fatima54;39;10994;10005;no;40703;3;rent;no;30739;yes;1.218455358;0.075;-9964;0;0;
jana0235;27;6304;13316;yes;38861;0;rent;no;4719;no;2.625601375;0;-34142;0;1;
huda39;70;16808;14245;yes;5355;2;rent;no;74553;yes;0.874010947;0.028169014;69198;0;0;
sara0679;35;9585;3032;yes;9083;4;rent;no;3314;yes;0.395255233;0.111111111;-5769;0;0;
reem377;43;14649;13764;no;38342;2;own;no;88831;no;1.157622298;0.045454545;50489;0;0;
nada8121;46;4636;13605;no;20456;6;rent;no;70164;no;3.301631802;0.127659574;49708;0;1;
nada4614;23;7737;9436;no;13324;8;rent;no;72028;no;1.362927544;0.333333333;58704;0;0;
jana650;22;17555;14035;no;2257;5;own;no;31113;yes;0.810155123;0.217391304;28856;0;0;
ali32;60;16877;13984;no;27364;9;own;no;10357;no;0.963641032;0.147540984;-17007;0;0;
reem844;40;3854;1271;no;24972;0;own;yes;93865;no;0.869520104;0;68893;1;0;
nada73;22;8855;4511;no;46179;6;own;no;15365;no;0.943908085;0.260869565;-30814;0;0;
nada1059;32;10392;2771;yes;26654;2;rent;no;34029;yes;0.480339331;0.060606061;7375;0;0;
ali72;54;16949;10454;no;15233;4;rent;no;3263;yes;0.691647001;0.072727273;-18496;0;0;
omar028;71;8791;11616;yes;15887;9;own;no;69632;no;1.47178306;0.125;53745;0;1;
fatima4529;89;7931;5361;no;29320;3;own;no;80474;yes;0.983904858;0.033333333;51154;0;0;
user153;79;3202;8069;no;20808;9;rent;no;73218;no;3.060568217;0.1125;52410;0;1;
user18;84;14447;1920;yes;30154;4;own;no;22499;no;0.306812938;0.047058824;-7655;0;1;
ahmad09;44;15688;9190;yes;34773;4;own;no;41157;yes;0.770460195;0.088888889;6384;0;1;
user08;86;7389;4430;no;27747;5;rent;no;51247;yes;0.912347767;0.057471264;23500;0;0;
ahmad9620;64;5327;5435;no;10860;9;rent;no;36034;yes;1.18993994;0.138461538;25174;0;1;
nada7709;77;11004;13676;yes;42838;9;own;no;4706;no;1.567090716;0.115384615;-47544;0;1;
huda5446;68;10777;11816;no;42156;5;own;yes;93072;yes;1.422249026;0.072463768;50916;1;0;
nada84;68;3197;4760;yes;18156;7;own;no;19596;no;1.961538462;0.101449275;1440;0;1;
ahmad08;66;4930;3050;no;20360;7;rent;no;93185;no;0.962617454;0.104477612;72825;0;0;
noor0235;80;14774;12692;no;18135;8;rent;no;6434;no;0.961302876;0.098765432;-11701;0;0;
user491;26;18087;2165;yes;25351;7;own;no;53382;yes;0.236487358;0.259259259;28031;0;0;
user89;24;12339;9567;yes;30499;1;rent;no;33098;yes;0.981246623;0.04;2599;0;1;
nada140;82;14589;3033;yes;47377;9;rent;no;345;no;0.478484122;0.108433735;-47722;0;1;
huda438;39;18708;7467;no;23554;0;own;no;78029;no;0.504026583;0;54475;0;0;
sara63;75;5811;1145;yes;49131;9;own;no;41228;no;0.901453889;0.118421053;-7903;0;1;
jana32;56;17243;5388;no;19604;1;rent;no;1229;yes;0.407194773;0.01754386;-20833;0;0;
jana237;47;9546;8832;yes;16923;1;own;yes;69099;yes;1.072823924;0.020833333;52176;1;0;
sara4154;39;4986;9623;no;47591;2;own;no;51799;no;2.72486799;0.05;4208;0;1;
ali3198;68;11338;9896;no;8547;9;rent;no;57257;yes;0.935554282;0.130434783;48710;0;0;
ahmad947;53;14411;9173;no;44283;6;rent;yes;12558;no;0.892537469;0.111111111;-31725;0;0;
noor2788;81;5911;3632;no;33002;1;rent;no;94468;no;1.079527515;0.012195122;61466;0;1;
moh348;64;4734;5494;no;14562;0;rent;no;53436;yes;1.416578669;0;38874;0;0;
jana9254;87;11680;9056;no;7480;5;rent;yes;87103;no;0.828639101;0.056818182;79623;0;0;
omar1880;58;8759;8511;no;26672;8;own;no;27376;no;1.225304414;0.13559322;704;0;0;
ahmad5122;57;5385;10155;no;4213;2;rent;no;82458;yes;1.950628172;0.034482759;78245;0;0;
jana1864;23;14111;11426;yes;10293;5;own;yes;72924;no;0.870447137;0.208333333;62631;0;0;
reem25;68;7736;11233;no;34441;2;own;no;24332;yes;1.822810305;0.028985507;-10109;0;0;
ali0656;45;4802;2828;no;2100;0;rent;no;41737;yes;0.625234229;0;39637;0;0;
rory60;23;11155;11300;yes;44617;4;rent;no;84031;yes;1.346188897;0.166666667;39414;0;1;
sara16;55;11120;13260;no;28172;9;own;no;68970;no;1.403440938;0.160714286;40798;0;0;
user3547;34;9616;10130;no;20132;3;rent;no;46952;no;1.227791064;0.085714286;26820;0;0;
noor648;60;17257;5805;no;18199;6;own;no;15991;no;0.424242863;0.098360656;-2208;0;0;
reem8622;67;17486;1806;no;36609;5;own;yes;22472;yes;0.277734889;0.073529412;-14137;0;0;
fatima92;59;19646;10655;no;42965;9;own;no;54946;no;0.724559305;0.15;11981;0;0;
sara0478;59;17075;8486;yes;8016;6;rent;no;21849;yes;0.536074022;0.1;13833;0;0;
sara478;86;12208;14613;no;39779;4;rent;yes;3459;no;1.468418107;0.045977011;-43238;0;1;
reem524;58;19371;12607;no;37261;3;own;no;2235;no;0.811071822;0.050847458;-39496;0;1;
huda28;61;14835;9202;yes;31881;6;rent;no;38074;yes;0.799322594;0.096774194;6193;0;1;
ahmad454;48;16168;14373;yes;17058;6;own;no;97795;yes;0.976838394;0.12244898;80737;0;0;
nada6294;82;5049;2868;no;24472;5;rent;no;24283;no;0.971749175;0.060240964;-189;0;0;
abd15;58;8423;8878;yes;41346;7;own;no;96387;yes;1.462903609;0.118644068;55041;0;1;
moh879;73;17589;14059;no;34926;3;own;no;95161;no;0.964724275;0.040540541;60235;0;0;
moh0340;68;10158;6690;yes;34832;9;rent;no;4231;yes;0.944253043;0.130434783;-39063;0;1;
nada367;86;13248;14895;yes;36021;4;own;no;12806;yes;1.35080006;0.045977011;-23215;0;1;
jana851;65;10400;8827;yes;24087;3;own;no;85518;no;1.041654649;0.045454545;61431;0;0;
rory4629;67;12874;6429;no;12828;0;rent;no;2028;no;0.582368932;0;-14856;0;0;
huda31;28;18151;10076;no;31128;7;rent;no;13256;no;0.697994711;0.24137931;-17872;0;0;
nada4479;56;4154;4564;no;1401;0;own;no;98903;yes;1.126534296;0;97502;0;0;
jana9036;82;7499;2389;no;19643;4;own;no;13653;yes;0.536788889;0.048192771;-5990;0;0;
rory308;62;9295;12593;yes;15193;5;own;no;98579;yes;1.490865247;0.079365079;83386;0;0;
ahmad24;83;15183;8274;no;26853;5;rent;yes;81669;no;0.692291228;0.05952381;54816;0;0;
noor526;70;15874;13513;no;44864;4;own;no;34339;no;1.08671916;0.056338028;-10525;0;0;
ali297;75;8539;1824;no;20307;2;rent;no;20757;no;0.411738876;0.026315789;450;0;0;
moh29;27;12637;3265;yes;36982;4;rent;yes;98376;no;0.502202353;0.142857143;61394;0;1;
moh5647;61;18586;1936;no;19611;7;own;no;37399;yes;0.192083176;0.112903226;17788;0;0;
abd25;77;5557;11992;yes;43791;1;own;no;39013;no;2.814186758;0.012820513;-4778;0;1;
reem99;55;8592;11745;no;11950;5;own;no;92605;no;1.482699096;0.089285714;80655;0;0;
reem3166;90;19482;7402;no;10704;8;own;no;9706;no;0.42570446;0.087912088;-998;0;0;
moh861;62;5200;4845;no;43111;7;rent;no;33231;yes;1.622300199;0.111111111;-9880;0;1;
rory969;42;17172;2796;no;11867;7;own;no;22909;yes;0.22039927;0.162790698;11042;0;0;
sara320;51;5961;9245;no;2745;7;own;yes;71631;no;1.58902214;0.134615385;68886;1;1;
abd470;49;17207;8214;no;3866;6;rent;no;52572;yes;0.496058035;0.12;48706;0;0;
huda7868;34;14969;1726;no;32245;7;own;no;80879;yes;0.294795146;0.2;48634;0;0;
reem91;21;5869;3736;no;44724;5;rent;no;58767;yes;1.271379898;0.227272727;14043;0;1;
sara903;27;16992;14832;no;5818;1;own;no;21469;no;0.901361345;0.035714286;15651;0;0;
ali587;68;8699;12362;no;48861;1;rent;no;3687;yes;1.888936782;0.014492754;-52548;0;1;
abd6492;27;6987;14331;no;30116;7;rent;no;2847;yes;2.409940851;0.25;-27269;0;1;
ali47;47;16446;2913;no;15493;0;rent;yes;45222;yes;0.255613992;0;29729;0;0;
ahmad8395;62;4218;10788;no;28038;5;rent;yes;69702;no;3.110808248;0.079365079;41664;1;0;
noor382;31;7735;11106;yes;20447;5;own;no;4930;no;1.655883747;0.15625;-15517;0;0;
omar66;32;14296;8657;no;30431;3;own;no;1715;no;0.782885687;0.090909091;-32146;0;1;
moh68;37;7555;3466;yes;17908;9;rent;no;30863;no;0.656211399;0.236842105;12955;0;0;
noor6504;62;12146;11929;no;29336;2;rent;no;11704;no;1.183310008;0.031746032;-17632;0;0;
nada7578;69;11050;10041;no;40992;2;own;yes;13705;yes;1.217717854;0.028571429;-27287;0;0;
moh765;29;15757;11301;no;4025;0;own;no;4445;yes;0.738445023;0;-8470;0;0;
abd4313;29;9893;8312;no;20093;2;own;no;16323;yes;1.009340678;0.066666667;-3770;0;0;
sara736;32;17373;9194;no;6155;3;own;no;65968;yes;0.558703618;0.090909091;59813;0;0;
nada5495;90;17565;13447;no;46607;4;own;no;61922;yes;0.986617139;0.043956044;15315;0;0;
omar4267;20;6436;8906;no;33487;2;rent;no;48915;no;1.817086117;0.095238095;15428;0;0;
fatima01;69;11754;13261;yes;47658;5;own;yes;5619;no;1.465971927;0.071428571;-42039;0;1;
ali614;59;13677;5876;no;20963;4;own;no;67390;no;0.557312229;0.066666667;46427;0;0;
reem20;81;8895;8287;yes;20936;2;rent;no;54274;no;1.127660372;0.024390244;33338;0;0;
omar4560;66;19609;1892;no;4426;5;rent;no;68173;yes;0.115289818;0.074626866;63747;0;0;
huda6314;47;18636;11222;no;23303;5;rent;no;16225;yes;0.706332385;0.104166667;-7078;0;0;
jana88;46;10022;12352;no;45280;7;rent;yes;21739;no;1.608833017;0.14893617;-23541;1;1;
fatima1240;72;12151;11568;yes;27606;1;own;yes;42708;no;1.141252469;0.01369863;15102;0;0;
sara24;80;8600;5675;yes;47832;0;rent;no;48019;yes;1.123241484;0;187;0;1;
ahmad078;66;10996;2933;no;28151;3;rent;no;71154;no;0.480032433;0.044776119;43003;0;0;
sara7707;77;12007;2380;yes;13767;6;own;yes;97097;no;0.293741672;0.076923077;83330;0;0;
ahmad419;26;15946;12873;yes;11308;9;rent;yes;2373;no;0.866328045;0.333333333;-8935;0;0;
sara86;54;7642;2290;yes;44245;2;rent;yes;30281;no;0.782033669;0.036363636;-13964;1;1;
ali657;65;14312;2640;no;45671;2;own;no;15187;yes;0.450353991;0.03030303;-30484;0;0;
noor30;55;10679;14239;no;24770;4;own;yes;62863;yes;1.526513733;0.071428571;38093;1;0;
user60;35;11208;8490;no;28572;4;own;no;92927;no;0.96984566;0.111111111;64355;0;0;
fatima138;51;13716;11874;yes;41448;9;own;no;79085;yes;1.117445506;0.173076923;37637;0;1;
reem33;41;6444;10179;no;2204;2;own;no;34220;no;1.607861391;0.047619048;32016;0;0;
abd357;36;13757;2218;no;27233;8;rent;yes;2642;no;0.326167805;0.216216216;-24591;0;0;
jana080;45;17434;6016;no;21729;3;own;no;74971;yes;0.448910238;0.065217391;53242;0;0;
reem21;25;4060;7881;yes;31131;2;rent;yes;50556;no;2.579475499;0.076923077;19425;1;1;
abd094;23;6420;10547;yes;33870;1;rent;no;28760;no;2.082152313;0.041666667;-5110;0;1;
ali1606;45;3301;13457;yes;38011;9;rent;no;33192;yes;5.034701191;0.195652174;-4819;0;1;
sara25;57;15468;13808;no;39382;8;rent;no;619;no;1.104779451;0.137931034;-40001;0;1;
rory6002;52;19990;14774;no;49067;3;own;no;91583;no;0.94357044;0.056603774;42516;0;0;
sara6949;59;3699;13327;yes;41475;2;own;no;14558;no;4.536013514;0.033333333;-26917;0;1;
huda1872;80;3190;10752;yes;46681;6;rent;no;25782;yes;4.588556356;0.074074074;-20899;0;1;
huda8157;20;13492;10610;yes;21607;7;rent;no;218;no;0.919779392;0.333333333;-21825;0;1;
user2751;57;5975;1954;no;24968;1;rent;no;86417;no;0.675145025;0.017241379;61449;0;0;
ahmad943;67;9102;10175;yes;33398;6;own;no;49712;yes;1.423505072;0.088235294;16314;0;1;
fatima070;60;4816;8291;no;11908;4;rent;no;89945;yes;1.92720227;0.06557377;78037;0;0;
huda140;72;3569;1974;no;26423;4;own;no;14462;no;1.169724556;0.054794521;-11961;0;0;
abd58;73;8442;5133;no;43615;2;rent;no;55030;yes;1.038444076;0.027027027;11415;0;0;
moh67;42;4895;6370;yes;9171;4;rent;no;63519;no;1.457158905;0.093023256;54348;0;1;
rory209;20;6863;4972;yes;12721;1;own;no;51411;no;0.878800019;0.047619048;38690;0;0;
reem3843;77;15913;6295;no;49429;3;rent;no;50206;no;0.654397595;0.038461538;777;0;0;
noor80;54;10455;14913;no;16616;5;own;no;92469;yes;1.558690385;0.090909091;75853;0;0;
moh86;25;7014;10105;no;42512;0;own;yes;41950;no;1.945497743;0;-562;1;0;
sara871;44;14093;13741;no;38458;9;rent;no;2477;yes;1.202343787;0.2;-40935;0;1;
noor64;42;6009;9228;yes;46169;3;rent;no;55926;no;2.175610094;0.069767442;9757;0;1;
nada87;51;19538;12579;no;7659;5;rent;no;4677;no;0.676454783;0.096153846;-2982;0;0;
abd37;40;13729;10903;no;43369;8;rent;no;70828;no;1.057325807;0.195121951;27459;0;0;
ali69;86;4409;4020;yes;11704;1;own;no;10089;no;1.132728647;0.011494253;-1615;0;1;
rory703;34;15249;9987;no;32793;6;rent;yes;419;no;0.834081967;0.171428571;-33212;0;1;
nada540;32;3784;5036;no;48152;5;rent;no;6907;yes;2.390664905;0.151515152;-41245;0;1;
jana30;77;11096;6068;no;46473;1;own;yes;609;no;0.895805173;0.012820513;-45864;0;0;
omar98;34;10560;13880;no;31226;7;rent;yes;46153;no;1.560663447;0.2;14927;1;1;
huda18;32;15533;6233;no;23852;6;own;no;45539;yes;0.529204755;0.181818182;21687;0;0;
omar46;54;10343;12303;no;32082;4;rent;no;39143;yes;1.447844161;0.072727273;7061;0;0;
ahmad190;85;10206;10516;yes;22794;4;own;no;17936;no;1.216371118;0.046511628;-4858;0;0;
rory50;33;8801;1317;no;41420;6;own;no;45182;yes;0.54177081;0.176470588;3762;0;0;
jana274;66;19921;3396;no;13379;8;own;yes;94524;no;0.226428906;0.119402985;81145;0;0;
abd7095;28;8986;3162;yes;7006;8;rent;no;90042;no;0.416805756;0.275862069;83036;0;0;
reem34;83;13647;3745;no;8682;8;own;no;8163;yes;0.32741061;0.095238095;-519;0;0;
ali924;24;11716;14634;no;33840;5;own;no;54758;no;1.489630451;0.2;20918;0;0;
jana828;68;15323;2591;no;32430;9;rent;no;41057;yes;0.345438528;0.130434783;8627;0;0;
rory382;88;7780;12303;no;23091;5;rent;no;7537;no;1.828460352;0.056179775;-15554;0;0;
ali9405;68;5368;7183;no;32983;2;own;no;17419;no;1.849801329;0.028985507;-15564;0;1;
user81;59;15039;4930;yes;23989;0;own;yes;37578;no;0.460710328;0;13589;0;0;
omar5656;52;9655;11188;yes;9915;6;own;no;69991;no;1.244226388;0.113207547;60076;0;1;
fatima15;31;11173;2312;yes;42552;3;own;no;69599;no;0.52425273;0.09375;27047;0;1;
user26;76;7495;10477;no;18990;0;rent;yes;4166;no;1.608791355;0;-23156;1;0;
ali60;56;13893;5311;no;24734;7;rent;yes;27214;yes;0.530600739;0.122807018;2480;0;0;
nada42;38;16403;8314;yes;14824;5;rent;no;87934;yes;0.582134439;0.128205128;73110;0;0;
ali286;31;16121;3383;no;36081;5;own;no;95028;no;0.396337303;0.15625;58947;0;0;
jana95;70;13966;4239;no;11033;1;rent;yes;2587;no;0.369328894;0.014084507;-13620;0;0;
ahmad316;24;3853;3139;no;42736;0;rent;no;4505;no;1.738540045;0;-38231;0;1;
moh421;39;19958;2704;no;16241;1;rent;no;97802;no;0.203287573;0.025;81561;0;0;
sara43;27;12907;7924;yes;5939;3;rent;no;2895;yes;0.652224719;0.107142857;-8834;0;1;
noor063;68;7777;1362;no;47464;1;rent;no;63104;no;0.68363761;0.014492754;15640;0;0;
omar92;85;18338;3604;no;47562;0;rent;no;53408;no;0.412645182;0;5846;0;0;
user92;71;5491;10908;no;35063;6;own;no;32679;yes;2.518193129;0.083333333;-2384;0;1;
fatima3043;42;18328;14481;no;34464;7;rent;no;94096;yes;0.94675105;0.162790698;59632;0;0;
user4575;68;17599;13643;no;11185;5;rent;no;74731;no;0.828129735;0.072463768;63546;0;0;
ali27;39;6051;5286;no;27045;3;rent;no;60131;yes;1.245827826;0.075;33086;0;0;
jana4205;23;18979;4738;yes;44769;5;own;yes;59280;yes;0.446193361;0.208333333;14511;0;1;
user0030;35;19388;3469;no;47118;2;rent;no;10762;yes;0.381427614;0.055555556;-36356;0;0;
moh251;29;3876;5795;no;19167;7;rent;no;53703;no;1.90669332;0.233333333;34536;0;1;
ali845;42;7142;7150;no;36412;9;own;no;76434;no;1.425778151;0.209302326;40022;0;1;
user990;58;18202;1556;yes;21625;1;own;no;58079;no;0.184479665;0.016949153;36454;0;0;
rory75;74;9966;10017;yes;39188;4;rent;no;16577;no;1.332664459;0.053333333;-22611;0;1;
fatima18;88;10079;3808;yes;27076;0;rent;no;3786;yes;0.60162037;0;-30862;0;1;
abd1786;60;10987;6150;no;44605;5;rent;no;81339;no;0.897987198;0.081967213;36734;0;0;
rory051;90;9799;13713;no;19029;1;own;no;43114;yes;1.561096939;0.010989011;24085;0;0;
fatima603;33;7465;8561;yes;22973;3;rent;no;84234;yes;1.403082865;0.088235294;61261;0;0;
moh05;89;16417;3719;no;39121;5;own;no;58230;no;0.425087303;0.055555556;19109;0;0;
reem53;30;11311;7506;no;31433;9;own;no;27980;no;0.895104019;0.290322581;-3453;0;0;
abd062;21;17098;12700;no;43309;7;own;no;62194;yes;0.953803341;0.318181818;18885;0;0;
fatima76;67;8177;4741;no;1932;7;own;yes;72806;yes;0.599413059;0.102941176;70874;1;0;
abd6558;65;17262;10766;no;44254;5;own;no;32792;no;0.837272394;0.075757576;-11462;0;0;
rory20;35;11308;4998;no;1757;3;own;no;40807;yes;0.454895806;0.083333333;39050;0;0;
ahmad48;53;8949;11321;yes;30722;7;own;no;17301;yes;1.550968343;0.12962963;-13421;0;1;
user104;26;4150;3403;no;37853;7;own;no;141;yes;1.579719746;0.259259259;-37712;0;1;
ahmad3420;24;4931;12521;no;38405;9;rent;no;99292;yes;3.187635172;0.36;60887;0;1;
ahmad378;82;12204;9780;no;1116;0;own;no;8777;no;0.808930766;0;7661;0;0;
reem352;79;4081;11204;no;43527;3;own;no;33346;yes;3.63332925;0.0375;-10181;0;1;
sara6293;69;19896;10739;no;11691;3;rent;no;49703;yes;0.588694276;0.042857143;38012;0;0;
ahmad402;46;16407;1294;yes;492;6;own;no;89977;no;0.08136275;0.127659574;89485;0;0;
reem9033;27;10805;11177;no;27882;6;rent;no;42819;no;1.249352212;0.214285714;14937;0;0;
ali55;27;8237;6343;yes;8811;7;own;no;23469;yes;0.859098082;0.25;14658;0;0;
omar8751;64;19943;14836;yes;27808;4;own;no;1155;yes;0.860074876;0.061538462;-28963;0;1;
fatima79;20;15775;12309;no;24272;6;rent;no;18290;yes;0.908447431;0.285714286;-5982;0;0;
huda17;34;19244;10882;no;28399;7;rent;yes;25699;no;0.688416905;0.2;-2700;0;0;
abd2306;41;16184;2136;yes;6474;8;rent;no;39252;no;0.165307383;0.19047619;32778;0;0;
rory22;62;6343;14544;no;26956;2;rent;no;93682;no;2.646647751;0.031746032;66726;0;0;
noor685;41;16500;3064;no;47153;2;rent;no;1707;no;0.423817748;0.047619048;-48860;0;1;
jana329;33;12662;13647;yes;42506;3;own;no;52089;no;1.357432415;0.088235294;9583;0;1;
omar41;55;19964;8009;no;13979;4;own;no;11608;no;0.459499958;0.071428571;-2371;0;0;
fatima0650;37;18125;13987;no;44523;9;own;no;61273;no;0.976346133;0.236842105;16750;0;0;
huda58;63;11130;5543;no;42565;0;own;yes;11619;yes;0.816645704;0;-30946;0;0;
huda488;83;4679;13962;yes;28328;6;rent;no;73006;no;3.487749288;0.071428571;44678;0;1;
fatima840;62;6506;2007;no;47375;8;rent;no;82908;yes;0.915155474;0.126984127;35533;0;0;
rory09;35;16284;6445;no;12867;7;own;no;76653;yes;0.461605772;0.194444444;63786;0;0;
noor060;37;10253;11706;no;25851;4;rent;no;9779;no;1.351692023;0.105263158;-16072;0;0;
fatima85;80;12435;12718;yes;31279;3;rent;no;46040;yes;1.232275919;0.037037037;14761;0;1;
fatima627;53;14310;13873;no;30527;6;own;yes;89830;no;1.147153705;0.111111111;59303;0;0;
fatima60;82;16296;6352;yes;7866;4;own;no;51325;no;0.429987114;0.048192771;43459;0;0;
reem95;89;16245;10439;no;15449;6;own;no;16630;no;0.721803316;0.066666667;1181;0;0;
noor62;74;14151;14281;yes;10685;0;own;no;7178;no;1.072033399;0;-3507;0;0;
moh15;85;13457;13094;no;23544;0;own;no;14935;yes;1.118739783;0;-8609;0;0;
rory6188;30;5479;2435;no;5451;9;rent;no;42258;no;0.527235401;0.290322581;36807;0;0;
noor9065;21;7452;1571;no;21642;2;own;no;17784;no;0.452770696;0.090909091;-3858;0;0;
user5697;37;8881;3382;yes;41316;1;own;no;58722;no;0.768408016;0.026315789;17406;0;1;
ahmad5279;25;17069;10437;no;39954;1;rent;no;18027;no;0.806473345;0.038461538;-21927;0;0;
noor580;21;5849;11276;no;38870;6;rent;no;91544;yes;2.481225071;0.272727273;52674;0;1;
reem4750;74;10390;6084;no;31030;9;rent;no;52853;no;0.834359863;0.12;21823;0;0;
nada57;44;14922;1277;no;30873;1;own;no;62359;yes;0.257974268;0.022222222;31486;0;0;
omar65;64;5489;14507;no;619;3;own;no;67388;no;2.651836673;0.046153846;66769;0;0;
omar831;54;12823;8059;no;33650;1;rent;no;73608;yes;0.84709659;0.018181818;39958;0;0;
jana077;29;12207;2887;no;25372;5;own;no;71669;no;0.409676715;0.166666667;46297;0;0;
reem1021;70;12540;13771;no;3642;7;own;no;10111;yes;1.122278925;0.098591549;6469;0;0;
fatima269;54;19364;2265;no;28001;9;rent;no;27312;yes;0.237460195;0.163636364;-689;0;0;
fatima858;24;7611;8491;no;34064;3;rent;yes;19161;no;1.488395516;0.12;-14903;1;0;
jana6545;44;8878;14018;no;29290;4;own;yes;99823;no;1.85368097;0.088888889;70533;1;0;
omar63;33;19347;2040;yes;14122;3;own;no;62313;no;0.166261801;0.088235294;48191;0;0;
jana35;20;3851;10109;no;24820;2;own;no;45374;no;3.161301488;0.095238095;20554;0;0;
omar001;89;9833;9073;no;2895;4;own;no;19014;no;0.947147651;0.044444444;16119;0;0;
ali3447;57;14938;10077;no;5366;8;own;no;75308;no;0.70447598;0.137931034;69942;0;0;
nada6096;31;5427;3752;yes;8711;7;own;no;41389;yes;0.824966225;0.21875;32678;0;1;
moh850;54;7000;9213;no;19596;7;own;yes;13161;no;1.549207256;0.127272727;-6435;1;0;
omar2603;75;8052;5569;no;18793;7;rent;no;2490;yes;0.886015564;0.092105263;-16303;0;0;
abd7480;53;5738;12383;no;8199;7;rent;no;19502;no;2.27674682;0.12962963;11303;0;1;
ahmad816;62;8387;7353;yes;10717;6;rent;no;30757;no;0.983080989;0.095238095;20040;0;0;
abd228;31;11002;3353;no;36191;7;own;no;36111;no;0.57883456;0.21875;-80;0;0;
ali606;79;8536;8437;no;10211;7;own;no;93273;no;1.087960251;0.0875;83062;0;0;
omar801;52;16479;5799;no;45550;7;own;no;78245;no;0.582210761;0.132075472;32695;0;0;
rory84;55;6913;1686;no;23360;9;own;no;53645;no;0.525407386;0.160714286;30285;0;0;
ali2360;42;13636;9476;no;21542;6;own;no;54055;yes;0.826513652;0.139534884;32513;0;0;
user79;60;8726;5811;no;31312;0;rent;no;3998;no;0.964860013;0;-27314;0;0;
nada41;25;6373;12939;yes;45242;3;rent;no;23906;yes;2.621456961;0.115384615;-21336;0;1;
sara36;45;15161;9954;no;36435;3;rent;yes;96026;no;0.85676362;0.065217391;59591;0;0;
moh12;40;5082;6346;no;28247;4;own;no;65192;yes;1.711571251;0.097560976;36945;0;0;
reem075;69;19281;6043;yes;22357;9;rent;yes;45477;yes;0.410024029;0.128571429;23120;0;0;
abd46;82;18305;3428;yes;41045;5;own;no;31901;yes;0.374107761;0.060240964;-9144;0;1;
fatima084;64;12817;11699;no;27691;3;own;no;86271;no;1.092727675;0.046153846;58580;0;0;
noor694;22;14261;6126;no;12424;1;own;no;47021;no;0.502126864;0.043478261;34597;0;0;
fatima2326;25;3417;9220;no;18852;5;rent;no;24092;yes;3.157109421;0.192307692;5240;0;0;
abd910;78;11808;10098;no;22601;7;rent;yes;3758;no;1.014600446;0.088607595;-26359;0;0;
rory6960;43;6267;12296;no;18020;7;own;no;3169;yes;2.20128696;0.159090909;-21189;0;1;
fatima628;24;8745;8813;no;8155;6;rent;no;45721;no;1.085362833;0.24;37566;0;0;
moh2515;62;14338;13191;yes;3583;5;rent;no;23511;no;0.940761792;0.079365079;19928;0;0;
jana37;43;3412;12186;no;15515;1;own;yes;67782;no;3.94928704;0.022727273;52267;1;0;
abd093;72;10543;11698;no;36777;6;own;no;92003;no;1.400109067;0.082191781;55226;0;1;
moh717;36;10587;13857;yes;19710;4;own;yes;13302;yes;1.463874197;0.108108108;-6408;1;0;
noor0558;58;3728;12801;yes;43178;5;rent;yes;50568;no;4.397738446;0.084745763;7390;1;1;
rory480;61;14657;12745;no;24532;9;own;no;1768;no;1.00895984;0.14516129;-26300;0;0;
sara3090;82;8988;10645;no;18601;7;rent;no;97062;no;1.356667408;0.084337349;78461;0;0;
abd5136;87;5967;14025;no;4967;7;own;no;99301;no;2.419389522;0.079545455;94334;0;1;
noor26;79;17527;4356;no;18753;2;rent;yes;46507;yes;0.337674007;0.025;27754;0;0;
reem616;45;19048;9707;no;20022;6;own;no;71508;no;0.597170455;0.130434783;51486;0;0;
user290;90;8073;8266;no;43463;0;rent;no;95128;no;1.472370159;0;51665;0;0;
reem0426;61;8104;7540;no;9135;0;rent;no;5683;yes;1.024213448;0;-3452;0;0;
jana048;27;5143;1038;no;5722;6;rent;no;18664;yes;0.294485485;0.214285714;12942;0;0;
huda26;46;10357;4342;yes;27413;9;rent;no;97364;yes;0.63973901;0.191489362;69951;0;0;
abd36;63;15043;10078;no;27236;8;own;no;28172;no;0.820770185;0.125;936;0;0;
nada26;27;6440;3844;no;15514;6;rent;no;78641;no;0.797521089;0.214285714;63127;0;0;
ali04;40;8644;11396;no;43896;9;own;no;59340;yes;1.741353383;0.219512195;15444;0;1;
sara4107;26;13518;2098;no;37212;4;own;no;82236;yes;0.384569865;0.148148148;45024;0;0;
nada176;58;17552;8027;no;40386;7;rent;no;6017;no;0.649034353;0.118644068;-34369;0;0;
fatima130;31;5914;2823;yes;20331;1;own;no;31613;no;0.763693998;0.03125;11282;0;1;
moh0756;64;16584;12393;no;18060;8;rent;no;81130;yes;0.837986132;0.123076923;63070;0;0;
ali102;86;15144;14998;no;1196;5;rent;yes;71920;yes;0.996874656;0.057471264;70724;0;0;
noor8253;47;17397;14261;yes;12297;8;own;no;25348;no;0.878592367;0.166666667;13051;0;0;
omar3852;78;11787;4155;yes;2787;1;rent;no;11448;yes;0.372179335;0.012658228;8661;0;0;
moh54;29;17191;4093;no;23816;2;own;no;4491;yes;0.35351714;0.066666667;-19325;0;0;
omar0996;32;3728;12722;yes;40695;7;own;no;73648;no;4.321064629;0.212121212;32953;0;1;
huda7854;30;3698;6658;no;19702;0;own;no;91557;no;2.243804632;0;71855;0;0;
omar12;77;10186;4778;yes;25242;9;rent;no;53759;yes;0.675517817;0.115384615;28517;0;0;
ahmad0025;59;17512;3896;no;2176;6;rent;no;39553;yes;0.232817526;0.1;37377;0;0;
reem00;59;16923;12645;yes;20127;6;rent;no;4032;yes;0.846268613;0.1;-24159;0;1;
reem598;88;19779;12703;no;41560;0;rent;no;4632;yes;0.817307044;0;-46192;0;1;
nada59;74;10400;1988;no;27228;8;own;yes;68960;no;0.409287569;0.106666667;41732;1;0;
moh2459;49;7171;5116;no;20208;7;own;no;30010;no;0.948131623;0.14;9802;0;0;
sara9837;32;7360;7446;yes;28482;3;rent;yes;49154;no;1.333989947;0.090909091;20672;1;0;
sara01;89;5502;14156;no;9171;9;own;no;30851;no;2.71129384;0.1;21680;0;1;
moh21;86;8486;13218;no;35219;4;own;no;20496;no;1.903253996;0.045977011;-14723;0;0;
rory097;90;11335;5179;no;33396;1;own;no;25936;yes;0.70236415;0.010989011;-7460;0;0;
noor7306;42;7491;2682;yes;42589;8;rent;no;73858;no;0.831698256;0.186046512;31269;0;1;
omar982;39;14130;14698;yes;40546;5;rent;no;62005;no;1.27923242;0.125;21459;0;1;
noor08;84;10651;6626;no;3696;2;own;no;32493;no;0.650957567;0.023529412;28797;0;0;
user3907;76;4167;8424;no;20058;6;own;no;64795;yes;2.422144914;0.077922078;44737;0;1;
abd9987;61;4062;13857;no;20313;8;rent;no;31390;no;3.827159734;0.129032258;11077;0;1;
fatima090;59;14174;13155;no;19149;2;rent;no;5292;no;1.040617284;0.033333333;-13857;0;0;
user7688;68;7729;1933;no;45740;1;own;no;87377;no;0.743165157;0.014492754;41637;0;0;
noor38;76;12348;4598;yes;41075;6;rent;no;23365;yes;0.649519529;0.077922078;-17710;0;1;
sara618;26;8334;12425;no;4956;6;own;no;12207;no;1.54025195;0.222222222;7251;0;0;
jana482;62;11924;2980;yes;10195;3;own;no;96735;no;0.321139064;0.047619048;86540;0;0;
moh7250;88;7330;11047;no;17076;8;rent;no;17912;no;1.700995771;0.08988764;836;0;0;
abd64;22;9801;4056;no;1105;7;rent;no;97455;no;0.423187445;0.304347826;96350;0;0;
ahmad420;84;7846;9984;no;15417;0;own;yes;97517;yes;1.436058366;0;82100;1;0;
ali16;67;9731;1791;yes;24729;0;rent;no;75771;yes;0.395781956;0;51042;0;0;
reem634;30;18368;11001;yes;46956;4;rent;no;51572;yes;0.811911372;0.129032258;4616;0;1;
jana554;51;5539;6390;yes;30099;5;rent;no;94083;no;1.60618231;0.096153846;63984;0;1;
moh5213;20;10056;7635;yes;32598;2;rent;no;14276;yes;1.029283086;0.095238095;-18322;0;1;
jana5800;39;14516;3255;yes;29961;8;rent;no;92459;no;0.396207894;0.2;62498;0;0;
sara522;69;14493;4610;no;12602;9;own;no;534;no;0.390517915;0.128571429;-12068;0;0;
omar2507;44;4542;2607;yes;9256;5;own;no;87005;yes;0.743634896;0.111111111;77749;0;1;
ahmad4962;42;16964;6179;yes;20584;3;own;no;96610;no;0.465330583;0.069767442;76026;0;0;
jana819;56;9313;7573;no;46980;6;own;no;30670;no;1.233412068;0.105263158;-16310;0;0;
sara520;37;16807;1984;no;34681;7;rent;no;57147;no;0.289985919;0.184210526;22466;0;0;
nada095;28;12580;6776;no;25792;8;rent;yes;93099;no;0.709429563;0.275862069;67307;0;0;
abd95;66;11691;4676;yes;21904;5;own;no;31486;no;0.556049721;0.074626866;9582;0;0;
moh0009;51;10494;4380;no;43361;5;own;no;60557;yes;0.761640464;0.096153846;17196;0;0;
abd072;79;7312;9711;yes;34540;7;own;no;29268;no;1.721500524;0.0875;-5272;0;1;
user8282;77;4324;9782;yes;26536;4;own;yes;76335;yes;2.773025048;0.051282051;49799;1;1;
abd7329;73;6141;2050;no;19164;2;rent;no;21336;no;0.593780528;0.027027027;2172;0;0;
sara76;53;4810;14997;yes;12996;2;own;no;1359;yes;3.34234047;0.037037037;-14355;0;1;
sara107;35;9588;4633;no;2871;5;rent;no;82132;no;0.508108249;0.138888889;79261;0;0;
fatima378;42;8301;7342;no;46002;1;rent;no;27959;no;1.346121417;0.023255814;-18043;0;0;
rory12;44;18485;13636;no;49812;5;own;yes;8306;no;0.962187601;0.111111111;-41506;0;0;
jana82;90;14714;1959;no;22626;5;own;no;41182;yes;0.261264016;0.054945055;18556;0;0;
abd304;45;7748;7059;yes;10521;7;own;no;69123;no;1.024099884;0.152173913;58602;0;0;
abd7614;40;12435;9884;no;43410;6;rent;no;51326;no;1.085678675;0.146341463;7916;0;0;
ahmad8989;49;6709;6655;no;1132;7;rent;yes;91895;no;1.005861898;0.14;90763;1;0;
nada13;67;16116;13091;no;33467;8;own;no;16498;yes;0.98528986;0.117647059;-16969;0;0;
rory18;26;12576;5473;no;14534;5;rent;no;65198;no;0.531459543;0.185185185;50664;0;0;
noor533;72;13150;3946;yes;23854;2;rent;no;97630;no;0.451207766;0.02739726;73776;0;0;
abd01;33;9530;8725;no;42998;9;own;yes;22197;yes;1.291382506;0.264705882;-20801;1;0;
omar16;66;13188;1526;yes;39065;2;own;no;15719;no;0.362530644;0.029850746;-23346;0;1;
fatima62;28;17683;4224;no;45607;0;rent;no;85201;no;0.453776483;0;39594;0;0;
fatima68;40;3504;11445;no;7812;4;rent;no;20032;no;3.4510699;0.097560976;12220;0;0;
nada2826;74;4214;12536;yes;4557;3;rent;no;54624;yes;3.064234875;0.04;50067;0;1;
abd8163;63;4531;13157;no;2179;8;rent;no;73177;no;2.943200206;0.125;70998;0;1;
ali0041;73;3823;14547;yes;43798;8;rent;no;36964;no;4.758586123;0.108108108;-6834;0;1;
moh07;60;8029;2875;no;9065;4;own;yes;25028;no;0.452106683;0.06557377;15963;1;0;
sara08;25;16428;2763;no;8275;9;rent;no;49646;no;0.210151764;0.346153846;41371;0;0;
moh686;86;19517;9712;no;47857;3;rent;yes;76187;no;0.701920449;0.034482759;28330;0;0;
nada8956;72;5105;6797;no;35948;6;rent;no;3536;no;1.917874396;0.082191781;-32412;0;1;
jana701;46;6627;10208;no;20700;5;own;no;51747;yes;1.800392275;0.106382979;31047;0;0;
abd229;40;15972;8099;yes;39464;3;own;no;40712;no;0.71293224;0.073170732;1248;0;1;
jana562;78;4852;6109;yes;42351;9;own;yes;1273;no;1.986039563;0.113924051;-41078;1;1;
huda8618;63;7910;7644;yes;27794;1;own;no;66820;yes;1.259027514;0.015625;39026;0;0;
fatima9457;76;14003;1116;yes;28783;0;own;no;86228;yes;0.250969961;0;57445;0;0;
ali471;28;16843;3433;no;16998;3;rent;yes;69353;no;0.287906673;0.103448276;52355;0;0;
ahmad8651;29;14704;6463;no;13869;3;rent;yes;89491;no;0.518106086;0.1;75622;0;0;
user62;70;18761;1583;no;44525;0;own;yes;87091;yes;0.282134989;0;42566;0;0;
noor042;31;9190;9586;yes;28152;5;rent;no;80914;no;1.298226526;0.15625;52762;0;0;
moh064;61;8645;14375;no;20954;3;own;no;45830;yes;1.864580924;0.048387097;24876;0;0;
user979;74;12588;4788;no;31555;0;own;no;12127;no;0.589211481;0;-19428;0;0;
ahmad2635;53;14829;11960;yes;16654;0;own;yes;78488;no;0.900056192;0;61834;0;0;
nada093;84;11053;5167;no;45026;0;rent;no;6539;no;0.806872324;0;-38487;0;0;
abd6533;38;6330;13052;no;35236;7;own;no;41761;yes;2.525404096;0.179487179;6525;0;1;
ali586;22;11662;9465;yes;46976;9;own;no;41219;no;1.147189117;0.391304348;-5757;0;1;
huda90;80;10114;11205;no;15042;7;own;no;9692;yes;1.231685615;0.086419753;-5350;0;0;
jana6247;77;16323;14631;no;25966;1;rent;yes;78656;no;1.028843012;0.012820513;52690;0;0;
ali013;53;4353;13625;yes;48407;6;own;yes;8334;no;4.055791609;0.111111111;-40073;1;1;
sara682;38;13975;2389;no;44314;7;rent;yes;23615;no;0.43516266;0.179487179;-20699;0;0;
user93;79;14023;12758;no;45095;7;rent;no;2903;yes;1.177689437;0.0875;-42192;0;0;
omar388;71;3667;13894;no;14270;9;rent;yes;23527;no;4.112095602;0.125;9257;1;1;
noor246;32;12337;9357;no;30908;6;rent;no;10629;no;0.967147566;0.181818182;-20279;0;0;
ali832;71;16659;10759;no;15523;4;own;no;53008;yes;0.723444378;0.055555556;37485;0;0;
moh441;84;6719;7154;no;47068;0;own;no;78276;no;1.648263889;0;31208;0;0;
user45;66;10483;6420;no;19991;8;rent;no;94318;no;0.771262559;0.119402985;74327;0;0;
rory53;71;3539;9920;yes;10775;6;own;no;21708;no;3.055908663;0.083333333;10933;0;1;
huda9142;22;7964;3043;no;12265;1;rent;no;5860;no;0.510368278;0.043478261;-6405;0;0;
huda45;70;7835;5197;no;19459;5;rent;yes;12438;no;0.870161222;0.070422535;-7021;1;0;
abd21;24;9042;4496;no;16673;1;rent;no;62300;yes;0.650825685;0.04;45627;0;0;
jana3121;63;17837;14703;yes;27056;0;rent;no;66545;no;0.950648428;0;39489;0;0;
rory0940;38;10312;1778;no;6614;6;rent;no;15842;no;0.225847636;0.153846154;9228;0;0;
nada20;33;8320;1213;yes;36020;1;rent;no;55213;yes;0.506509634;0.029411765;19193;0;1;
ahmad152;74;16216;4762;yes;7415;1;own;no;37372;no;0.331745493;0.013333333;29957;0;0;
reem6091;21;5779;14399;yes;23155;4;rent;no;93971;no;2.825014418;0.181818182;70816;0;1;
abd4681;74;4581;10768;no;49430;4;own;no;63906;no;3.24905427;0.053333333;14476;0;1;
reem3854;78;15677;11640;no;43884;6;own;no;33744;yes;0.975698431;0.075949367;-10140;0;0;
omar51;72;8713;7731;no;16964;0;rent;yes;52442;yes;1.049422385;0;35478;1;0;
user585;40;19639;12128;yes;37726;7;own;no;80990;no;0.777588255;0.170731707;43264;0;1;
noor413;85;7804;4117;no;37044;2;own;no;98903;yes;0.922998078;0.023255814;61859;0;0;
abd386;88;13136;6791;no;37544;3;own;no;1350;no;0.755093756;0.033707865;-38894;0;1;
reem80;64;3009;9783;no;49976;8;rent;no;40117;yes;4.633776301;0.123076923;-9859;0;1;
sara00;58;8124;14621;yes;32252;3;rent;no;86244;yes;2.130297436;0.050847458;53992;0;1;
rory03;84;4015;14397;no;3832;9;rent;yes;47772;no;3.664425631;0.105882353;43940;1;1;
user273;66;5193;3720;no;25275;4;own;no;1810;yes;1.121726993;0.059701493;-27085;0;1;
huda560;43;11415;9905;no;14901;6;rent;no;43113;no;0.976414681;0.136363636;28212;0;0;
sara893;50;16550;10127;yes;38213;3;rent;no;3789;no;0.80426661;0.058823529;-34424;0;1;
jana85;40;17512;7047;yes;34148;0;own;yes;27125;yes;0.564875616;0;-7023;0;1;
user541;89;7158;13529;no;42633;8;own;no;93695;yes;2.386052521;0.088888889;51062;0;1;
noor05;69;9970;9032;no;22918;3;own;no;12459;no;1.097365694;0.042857143;-10459;0;0;
huda049;68;9938;1001;no;46694;8;rent;no;30418;yes;0.492219204;0.115942029;-16276;0;0;
ali036;55;16772;7368;no;19540;5;rent;no;42085;no;0.536358036;0.089285714;22545;0;0;
omar59;29;13344;12040;yes;11580;0;rent;yes;13768;no;0.974522293;0;2188;0;0;
nada3052;41;10266;13236;no;38402;2;own;no;44961;no;1.600873348;0.047619048;6559;0;0;
moh3212;25;11702;2949;no;38578;1;rent;no;76099;no;0.526688314;0.038461538;37521;0;0;
rory93;57;3384;7732;no;24917;8;rent;no;22885;no;2.897612014;0.137931034;-2032;0;1;
jana285;84;3404;8833;no;22318;0;rent;no;82421;no;3.140332844;0;60103;0;0;
abd2308;35;11175;1917;no;10179;8;rent;yes;56082;yes;0.247427523;0.222222222;45903;0;0;
user138;88;18158;4174;yes;12251;8;own;no;1895;yes;0.286079446;0.08988764;-10356;0;0;
moh49;82;15763;11433;no;45899;7;own;no;45311;yes;0.967896262;0.084337349;-588;0;0;
nada568;27;12860;8014;yes;19493;7;rent;no;84494;no;0.749429801;0.25;65001;0;0;
noor000;83;8989;1089;no;20466;0;rent;no;62067;no;0.310845384;0;41601;0;0;
noor36;31;18106;2709;no;30206;7;rent;no;66017;no;0.288626866;0.21875;35811;0;0;
jana0876;64;6636;11361;no;45475;9;own;no;18932;yes;2.282745718;0.138461538;-26543;0;1;
noor8857;47;13916;13430;no;19624;2;rent;yes;16360;no;1.082512994;0.041666667;-3264;0;0;
jana484;36;7809;4041;no;26564;6;own;no;49847;no;0.800853606;0.162162162;23283;0;0;
ali50;42;16456;1105;no;22412;0;own;no;85365;yes;0.180632355;0;62953;0;0;
user171;64;18444;10078;no;27990;0;rent;no;80468;no;0.672838168;0;52478;0;0;
rory59;75;8997;9619;yes;35517;9;rent;no;33931;yes;1.397949544;0.118421053;-1586;0;1;
jana9206;55;5048;14616;no;13156;4;own;no;50823;no;3.111969367;0.071428571;37667;0;0;
rory8794;71;15338;2895;no;23064;4;own;no;33032;yes;0.314036117;0.055555556;9968;0;0;
fatima621;24;7544;7090;no;25711;7;own;no;76426;no;1.223669097;0.28;50715;0;0;
ahmad83;33;7976;9508;no;30106;6;own;no;13807;no;1.506435168;0.176470588;-16299;0;1;
omar7130;34;15775;7082;no;16589;7;rent;no;6767;no;0.536537568;0.2;-9822;0;0;
omar735;36;13015;1634;yes;23736;5;rent;yes;3071;no;0.27750461;0.135135135;-20665;0;0;
rory9050;41;6419;2925;no;20975;5;own;no;48413;no;0.72786864;0.119047619;27438;0;0;
user238;78;17430;3056;yes;36218;1;rent;yes;21149;no;0.348469202;0.012658228;-15069;0;1;
noor28;38;10239;7917;yes;7214;5;rent;no;10540;no;0.831852214;0.128205128;3326;0;0;
reem238;87;17489;4144;yes;30581;4;rent;no;96212;yes;0.382642462;0.045454545;65631;0;1;
nada82;55;19633;11462;no;20195;2;own;no;65248;no;0.66949764;0.035714286;45053;0;0;
user150;75;13357;10631;no;44582;5;rent;no;86737;yes;1.073975645;0.065789474;42155;0;0;
nada08;53;7363;1552;yes;27127;7;own;no;80435;yes;0.517732663;0.12962963;53308;0;0;
abd0586;33;13176;9907;no;5141;8;own;yes;14787;no;0.784352786;0.235294118;9646;0;0;
ahmad016;71;11427;6383;no;28884;0;own;no;15982;no;0.769163458;0;-12902;0;0;
reem4741;62;11580;4911;yes;24885;2;own;no;17606;yes;0.603121492;0.031746032;-7279;0;0;
user0196;49;7858;10905;no;2708;2;own;no;5150;no;1.416295542;0.04;2442;0;0;
omar304;50;13040;4389;no;18375;7;own;no;80929;no;0.453972088;0.137254902;62554;0;0;
ali65;33;18254;10299;no;15088;0;own;no;97795;no;0.633050306;0;82707;0;0;
rory948;78;14470;14629;no;44602;4;rent;no;41936;yes;1.267765416;0.050632911;-2666;0;0;
rory64;41;4252;13398;no;45046;2;rent;no;88286;no;4.032878752;0.047619048;43240;0;1;
noor341;27;9996;9442;no;10014;1;own;no;3593;yes;1.027958388;0.035714286;-6421;0;0;
rory123;82;15173;3430;no;3273;7;rent;yes;12358;no;0.244019375;0.084337349;9085;0;0;
reem941;75;7673;11246;no;47135;2;rent;yes;77143;yes;1.977315177;0.026315789;30008;1;0;
ahmad80;33;18781;1458;yes;37306;6;rent;no;32381;yes;0.243149469;0.176470588;-4925;0;1;
reem944;87;16051;14395;no;30881;0;own;no;85347;no;1.057090498;0;54466;0;0;
huda5079;47;9881;1207;no;31486;5;rent;no;23074;no;0.387657694;0.104166667;-8412;0;0;
huda538;89;9949;1899;yes;12541;2;rent;yes;15595;yes;0.295887772;0.022222222;3054;1;0;
fatima313;85;12521;12653;yes;8712;7;rent;no;39194;yes;1.068439546;0.081395349;30482;0;1;
moh22;76;11017;12577;no;9168;5;own;no;44377;no;1.210836812;0.064935065;35209;0;0;
fatima6171;27;9941;1021;no;3551;1;rent;no;21853;yes;0.132459934;0.035714286;18302;0;0;
moh3450;72;13209;9601;no;12297;5;rent;no;68719;no;0.804371688;0.068493151;56422;0;0;
fatima619;56;12550;1894;no;43733;6;rent;yes;15661;yes;0.44127294;0.105263158;-28072;0;0;
rory688;31;7637;1514;yes;27128;4;own;no;45493;yes;0.494195688;0.125;18365;0;0;
reem1514;74;7854;8294;no;2832;2;own;no;31495;yes;1.085932527;0.026666667;28663;0;0;
ali05;44;13320;5904;yes;28483;3;rent;yes;8703;no;0.621393539;0.066666667;-19780;0;0;
rory807;45;7892;8867;no;22063;3;rent;yes;48080;yes;1.35633895;0.065217391;26017;1;0;
ali56;61;10043;14161;no;22963;5;own;yes;25815;yes;1.600416501;0.080645161;2852;1;0;
jana4834;51;19521;5109;no;13422;9;rent;yes;24565;no;0.318999078;0.173076923;11143;0;0;
huda1922;42;7164;14258;no;32920;0;own;no;58321;no;2.372830891;0;25401;0;0;
huda3311;66;10941;8179;no;11156;3;rent;no;53453;yes;0.832449887;0.044776119;42297;0;0;
fatima077;49;17388;11326;no;11108;9;rent;yes;83478;no;0.704564188;0.18;72370;0;0;
huda3387;43;8569;12787;no;31845;3;rent;yes;28161;no;1.80172112;0.068181818;-3684;1;0;
fatima94;35;7300;12148;no;2800;9;rent;no;50991;yes;1.695840752;0.25;48191;0;0;
noor128;88;9269;2560;no;38078;0;own;no;4716;yes;0.618464581;0;-33362;0;0;
noor908;50;6818;14612;no;42712;8;rent;no;28349;no;2.664809112;0.156862745;-14363;0;1;
moh7882;66;15015;2266;no;2610;3;own;no;42098;no;0.16539025;0.044776119;39488;0;0;
huda882;78;15234;11361;no;12067;6;rent;no;4868;no;0.811721912;0.075949367;-16935;0;0;
ahmad11;73;9254;4638;yes;33872;2;rent;no;46990;yes;0.806122816;0.027027027;13118;0;1;
fatima21;56;10350;9941;no;10728;9;rent;yes;63921;yes;1.046758767;0.157894737;53193;1;0;
jana1389;53;18183;4427;no;29566;2;own;no;31538;no;0.378950359;0.037037037;1972;0;0;
abd32;61;9238;5780;yes;29783;7;rent;no;95572;yes;0.894243605;0.112903226;65789;0;0;
reem414;39;9090;2927;yes;20583;7;own;no;94279;no;0.510642394;0.175;73696;0;0;
abd76;52;14637;12996;yes;20238;0;own;no;2213;no;1.003040033;0;-18025;0;0;
ahmad30;40;15647;12894;no;7263;9;rent;no;39223;yes;0.862682132;0.219512195;31960;0;0;
huda24;21;12911;3356;no;1914;1;own;no;86655;no;0.272266109;0.045454545;84741;0;0;
reem2211;30;11472;5790;no;23749;7;rent;no;63371;no;0.677162323;0.225806452;39622;0;0;
sara95;32;6266;11527;no;19456;0;own;yes;63274;no;2.098026701;0;43818;1;0;
moh3907;21;3666;1306;no;25582;7;own;yes;866;yes;0.937505681;0.318181818;-26448;1;1;
omar56;79;7188;8979;no;406;7;rent;no;86428;yes;1.253697779;0.0875;86022;0;0;
sara71;68;13161;4665;no;13689;1;rent;no;34601;no;0.441099377;0.014492754;20912;0;0;
omar20;80;14314;11181;no;32934;3;own;no;68889;yes;0.972790779;0.037037037;35955;0;0;
moh39;34;15891;8057;no;33276;5;rent;no;10690;no;0.681474956;0.142857143;-22586;0;0;
reem9149;22;7777;1661;no;36432;8;rent;yes;3091;yes;0.603882746;0.347826087;-39523;1;1;
user3115;83;6900;5644;yes;19873;7;rent;yes;86239;no;1.057829783;0.083333333;66366;1;0;
fatima4751;50;16716;9503;no;13050;7;own;no;75032;yes;0.633516779;0.137254902;61982;0;0;
ahmad71;55;9981;3920;no;680;6;rent;no;7062;no;0.398383757;0.107142857;6382;0;0;
jana44;56;9376;10274;no;18908;8;rent;no;70386;yes;1.263694856;0.140350877;51478;0;0;
nada58;53;19907;12163;yes;18504;1;rent;no;88237;no;0.688416717;0.018518519;69733;0;0;
user78;69;13160;9946;yes;21644;2;own;no;29731;yes;0.892763974;0.028571429;8087;0;0;
jana258;26;17124;13322;no;37125;9;rent;no;153;no;0.958583942;0.333333333;-36972;0;0;
ahmad94;22;19282;13732;yes;1363;7;rent;yes;5481;yes;0.71802019;0.304347826;4118;0;0;
huda4323;80;13488;7236;no;42291;5;rent;no;94270;no;0.797705538;0.061728395;51979;0;0;
reem55;34;8240;7078;yes;35060;9;own;no;61425;no;1.213404522;0.257142857;26365;0;1;
abd498;89;13453;14518;no;1538;8;rent;no;58600;yes;1.088610574;0.088888889;57062;0;0;
omar774;57;13478;1352;no;36176;9;rent;no;79981;no;0.323960729;0.155172414;43805;0;0;
ahmad370;22;15394;10094;no;41520;3;own;no;66997;yes;0.880415719;0.130434783;25477;0;0;
huda1064;76;7432;14643;no;25675;7;own;no;99470;no;2.257847886;0.090909091;73795;0;0;
ali8966;86;16568;13080;yes;18287;9;rent;yes;23205;no;0.881400004;0.103448276;4918;0;0;
noor4464;77;17178;8005;yes;174;2;own;no;83887;yes;0.466819955;0.025641026;83713;0;0;
ali4499;40;3302;1158;no;26732;2;rent;yes;76542;yes;1.025027753;0.048780488;49810;1;0;
huda76;39;3055;11169;no;34998;7;rent;no;39149;yes;4.609129581;0.175;4151;0;1;
huda966;65;16013;1956;no;37055;4;rent;yes;44112;no;0.314969194;0.060606061;7057;0;0;
omar7039;78;11717;3071;no;12112;2;own;no;5940;yes;0.34821073;0.025316456;-6172;0;0;
huda83;43;11150;9595;no;39874;9;own;no;54010;no;1.158446178;0.204545455;14136;0;0;
ahmad34;88;5125;13803;no;9689;0;rent;no;71794;no;2.85025686;0;62105;0;0;
moh146;33;14479;11971;no;44814;2;own;no;19485;no;1.084633978;0.058823529;-25329;0;0;
nada331;53;18745;10579;yes;19555;8;rent;yes;84299;yes;0.651263381;0.148148148;64744;0;0;
nada78;89;19748;4453;no;33919;4;own;no;3933;no;0.368605161;0.044444444;-37852;0;1;
rory1032;40;9809;7675;no;7619;9;own;no;15607;no;0.847086306;0.219512195;7988;0;0;
reem501;54;7621;1955;no;6033;1;own;no;56597;no;0.322454736;0.018181818;50564;0;0;
rory8884;41;18034;7295;yes;41328;6;rent;yes;69554;yes;0.595453285;0.142857143;28226;0;1;
noor4323;76;16623;2712;no;4946;1;rent;no;43521;yes;0.187931104;0.012987013;38575;0;0;
fatima149;58;8126;5703;no;24618;3;own;no;10187;yes;0.954165129;0.050847458;-14431;0;0;
fatima318;29;8122;7563;no;34675;6;own;yes;97911;no;1.286788543;0.2;63236;1;0;
reem1820;77;8870;10465;no;36258;3;own;no;1015;yes;1.520290835;0.038461538;-37273;0;1;
user5968;45;4531;6631;no;18919;6;rent;no;38052;no;1.811028979;0.130434783;19133;0;1;
huda152;36;11172;13003;no;4173;6;own;no;14563;yes;1.194911841;0.162162162;10390;0;0;
abd4506;54;10673;11817;yes;43833;0;rent;no;42322;no;1.449292674;0;-1511;0;1;
huda551;49;9882;11574;no;26400;5;rent;no;97842;no;1.393706364;0.1;71442;0;0;
nada4881;46;4906;10633;yes;4769;8;rent;no;56245;no;2.247894165;0.170212766;51476;0;1;
sara8036;85;6086;12171;no;37564;1;own;no;46514;yes;2.513772521;0.011627907;8950;0;0;
rory722;67;16503;10989;no;45814;2;rent;no;13608;yes;0.897166344;0.029411765;-32206;0;0;
ali4923;56;11152;13582;yes;14211;9;own;no;99675;yes;1.323971129;0.157894737;85464;0;1;
ahmad855;20;8750;13201;no;23255;4;own;no;62262;yes;1.729964195;0.19047619;39007;0;0;
ali1440;38;15772;14042;yes;27962;8;rent;no;87118;no;1.037986855;0.205128205;59156;0;0;
user2804;75;13267;2394;no;19356;3;rent;no;66327;no;0.302004824;0.039473684;46971;0;0;
reem362;27;4062;13473;no;20306;0;own;no;52225;no;3.732504717;0;31919;0;0;
moh585;24;9229;10461;no;4997;3;own;no;68994;yes;1.178485013;0.12;63997;0;0;
noor004;63;19509;5732;yes;17376;5;rent;no;12221;no;0.368016402;0.078125;-5155;0;0;
rory69;88;18147;14579;no;40880;4;own;yes;43506;no;0.991055029;0.04494382;2626;0;0;
rory66;38;7632;4714;no;38055;0;rent;no;15968;no;1.033047295;0;-22087;0;0;
jana509;82;9288;1529;no;10578;3;rent;no;77606;yes;0.259500484;0.036144578;67028;0;0;
rory321;76;6596;12815;no;18624;5;own;yes;22937;no;2.177808095;0.064935065;4313;1;0;
user86;35;14475;3958;yes;39194;9;own;no;57435;no;0.499044395;0.25;18241;0;1;
fatima096;41;9168;8904;no;44367;9;own;no;44508;no;1.374331988;0.214285714;141;0;0;
fatima67;53;12795;12106;yes;389;3;rent;no;36831;no;0.948610243;0.055555556;36442;0;0;
nada96;55;10561;14081;no;33767;8;rent;no;37933;yes;1.599594458;0.142857143;4166;0;1;
nada8542;59;11258;4591;no;45580;4;own;no;42307;yes;0.745122421;0.066666667;-3273;0;0;
fatima872;85;19616;11339;yes;48367;7;rent;yes;43340;no;0.783482864;0.081395349;-5027;0;1;
huda08;56;9371;7895;yes;1855;8;rent;no;97951;no;0.858897069;0.140350877;96096;0;0;
nada43;34;17369;13765;yes;40893;9;own;yes;81338;yes;0.988644214;0.257142857;40445;0;1;
ahmad54;72;15910;14910;no;13794;4;rent;yes;38601;no;1.009333166;0.054794521;24807;0;0;
ali193;43;10943;12561;no;35531;5;own;yes;70956;no;1.418303789;0.113636364;35425;1;0;
fatima0218;58;15199;10131;no;4986;0;own;no;67178;no;0.693848684;0;62192;0;0;
reem507;62;18728;1525;yes;32298;6;own;no;80311;yes;0.225132148;0.095238095;48013;0;1;
ali952;35;9738;7477;yes;1481;3;own;yes;23754;no;0.780410378;0.083333333;22273;1;0;
sara6667;28;18913;1001;no;3731;1;own;yes;38310;no;0.069362201;0.034482759;34579;0;0;
abd621;47;5472;1374;yes;16835;4;own;no;64893;no;0.507384737;0.083333333;48058;0;1;
sara3818;42;18679;11532;no;27798;2;rent;yes;81799;no;0.74135439;0.046511628;54001;0;0;
jana11;67;4761;13197;no;26113;5;rent;yes;43367;no;3.228282934;0.073529412;17254;1;0;
omar31;78;13167;12244;no;19477;7;rent;yes;8201;no;1.053089561;0.088607595;-11276;0;0;
huda251;46;13554;5648;no;17266;6;own;no;2261;yes;0.522820607;0.127659574;-19527;0;0;
user48;42;17277;3365;no;20792;2;own;no;8231;no;0.295038006;0.046511628;-12561;0;0;
huda41;59;6812;2525;yes;20452;7;own;no;37495;no;0.62077401;0.116666667;17043;0;0;
jana6147;68;4605;13668;yes;43526;1;rent;no;16168;yes;3.754921117;0.014492754;-27358;0;1;
jana0078;53;8622;2646;yes;49079;9;rent;no;27624;no;0.781156983;0.166666667;-21455;0;1;
rory853;37;9767;1013;no;41334;8;own;no;5635;no;0.456337019;0.210526316;-35699;0;0;
abd984;68;14613;5599;yes;11889;3;own;no;4964;no;0.45092035;0.043478261;-6925;0;0;
user67;48;13589;3278;no;24335;0;rent;no;22785;yes;0.390428011;0;-1550;0;0;
moh6938;33;16918;4155;no;11254;7;own;no;90046;no;0.301012668;0.205882353;78792;0;0;
reem7138;67;16046;9321;no;21074;6;own;yes;77797;yes;0.690295175;0.088235294;56723;0;0;
huda3356;62;5590;4814;no;11442;4;rent;no;79790;yes;1.031568592;0.063492063;68348;0;0;
fatima9007;29;7324;14125;yes;46289;9;rent;no;71928;no;2.454937429;0.3;25639;0;1;
jana47;87;13787;4216;no;37327;4;own;no;7336;no;0.5313739;0.045454545;-29991;0;0;
fatima63;86;12111;12130;no;16199;6;own;no;72475;no;1.112938959;0.068965517;56276;0;0;
omar2238;72;8342;13120;yes;7291;4;rent;no;22412;yes;1.645401334;0.054794521;15121;0;0;
ali307;56;19389;11232;yes;40928;7;own;yes;77212;no;0.755165893;0.122807018;36284;0;1;
fatima490;40;11659;9219;no;112;5;own;no;70379;yes;0.791452258;0.12195122;70267;0;0;
jana966;27;17043;3113;no;21515;4;own;no;40591;no;0.28783834;0.142857143;19076;0;0;
sara38;76;11837;10444;no;19581;8;own;no;56750;no;1.020083629;0.103896104;37169;0;0;
reem104;53;3117;5356;no;48692;1;own;no;85648;no;3.019136198;0.018518519;36956;0;1;
moh1870;83;16917;11238;no;26500;0;rent;no;91134;yes;0.794794499;0;64634;0;0;
rory521;63;17309;14760;no;32026;7;own;no;30454;yes;1.006865011;0.109375;-1572;0;0;
ahmad6650;69;16234;6543;no;16523;2;own;no;93537;no;0.487829792;0.028571429;77014;0;0;
ahmad44;69;8560;5555;no;1424;6;rent;yes;57672;yes;0.662734104;0.085714286;56248;1;0;
nada623;43;3846;13215;no;19552;9;rent;no;22228;no;3.858677758;0.204545455;2676;0;1;
abd3595;55;13954;13588;no;10808;7;rent;no;9429;no;1.038241968;0.125;-1379;0;0;
user784;23;16703;8062;no;38811;5;rent;no;79294;yes;0.676260177;0.208333333;40483;0;0;
omar2699;58;18385;4374;no;6989;9;own;no;62808;no;0.269575583;0.152542373;55819;0;0;
moh55;26;16746;7430;no;23620;8;rent;no;77886;no;0.56119504;0.296296296;54266;0;0;
omar85;40;9469;4466;no;39029;6;own;no;48015;yes;0.815038719;0.146341463;8986;0;0;
ahmad2608;61;12333;4081;no;887;9;rent;no;83074;yes;0.336866926;0.14516129;82187;0;0;
ahmad5149;40;19608;12970;no;31802;4;own;no;63936;yes;0.796581502;0.097560976;32134;0;0;
nada49;55;15819;1629;no;19488;7;rent;no;75907;no;0.20562579;0.125;56419;0;0;
moh257;40;7208;1269;yes;30013;1;rent;no;52378;no;0.522968974;0.024390244;22365;0;1;
fatima831;43;9283;11831;no;49201;6;own;yes;32310;yes;1.715971923;0.136363636;-16891;1;1;
user76;79;5048;11185;yes;16402;3;rent;no;96827;yes;2.486003829;0.0375;80425;0;1;
noor0763;61;9233;6724;no;21205;8;rent;no;78683;no;0.91954552;0.129032258;57478;0;0;
nada3468;69;15941;6897;no;26049;0;rent;no;63827;no;0.568796261;0;37778;0;0;
rory780;54;15607;12083;no;12253;6;own;yes;30256;no;0.839574791;0.109090909;18003;0;0;
noor53;59;12765;14149;no;18990;5;rent;no;71428;yes;1.232296726;0.083333333;52438;0;0;
rory9557;90;4828;4432;no;7846;7;own;no;94862;yes;1.053185615;0.076923077;87016;0;0;
noor624;23;4917;10472;no;25027;4;own;no;97994;no;2.5533923;0.166666667;72967;0;0;
sara465;24;9988;7276;no;39200;0;own;no;33889;no;1.055427637;0;-5311;0;0;
ahmad4412;46;17594;6895;no;46220;0;own;no;46428;yes;0.610779578;0;208;0;0;
abd676;71;15977;14994;yes;46163;8;rent;no;32207;no;1.179178662;0.111111111;-13956;0;1;
jana3400;31;3009;8115;yes;3765;9;own;yes;45255;no;2.800249169;0.28125;41490;1;1;
sara443;77;19644;7656;no;15950;5;rent;no;86531;no;0.457376771;0.064102564;70581;0;0;
reem08;79;12865;11552;no;45270;9;own;no;409;yes;1.19108503;0.1125;-44861;0;0;
reem704;26;5219;1575;yes;9741;4;own;yes;37438;no;0.457231801;0.148148148;27697;1;1;
jana25;64;10041;8029;yes;22742;0;own;no;90359;no;0.98826595;0;67617;0;0;
noor7909;34;8287;7099;yes;24703;5;own;no;2869;no;1.104920769;0.142857143;-21834;0;0;
sara09;27;4619;10499;no;38709;5;own;no;96260;yes;2.970725108;0.178571429;57551;0;1;
moh13;76;11512;4192;no;37623;2;own;no;51862;yes;0.636432728;0.025974026;14239;0;0;
jana816;55;4342;4178;no;22931;7;rent;no;82937;yes;1.402007061;0.125;60006;0;0;
huda48;84;13568;7052;yes;23580;0;own;yes;20958;no;0.664529442;0;-2622;0;0;
user7206;62;17231;3734;no;15166;0;own;yes;71302;yes;0.290032111;0;56136;0;0;
huda443;47;6490;7116;yes;29240;5;own;no;14768;no;1.471678735;0.104166667;-14472;0;0;
sara4042;42;12310;11404;yes;25991;9;rent;no;91330;yes;1.102259497;0.209302326;65339;0;0;
fatima3789;85;10984;11544;no;38556;0;rent;no;21145;no;1.343377333;0;-17411;0;0;
omar95;38;15219;4568;yes;32969;5;own;no;70622;no;0.480644985;0.128205128;37653;0;1;
moh536;62;3235;10847;yes;10561;0;own;no;21442;yes;3.62394417;0;10881;0;1;
moh46;67;13161;10771;yes;16901;5;own;no;76948;yes;0.925346958;0.073529412;60047;0;0;
omar70;67;4908;3203;yes;40505;2;rent;no;20596;yes;1.340072656;0.029411765;-19909;0;1;
nada114;20;11567;2390;yes;30020;7;own;no;70791;no;0.422861918;0.333333333;40771;0;1;
fatima2212;56;6530;2742;no;25917;5;own;no;37406;no;0.750535906;0.087719298;11489;0;0;
noor1063;38;8256;2925;no;1988;0;own;no;35524;yes;0.374308667;0;33536;0;0;
jana90;74;11162;1619;no;48209;4;own;no;18332;no;0.504919526;0.053333333;-29877;0;0;
ahmad5981;75;8415;2274;no;44505;7;own;yes;10764;yes;0.710878089;0.092105263;-33741;1;0;
reem03;30;6391;1956;yes;14256;2;rent;no;22563;yes;0.491864831;0.064516129;8307;0;0;
omar082;58;14157;2939;no;22192;5;own;no;82675;yes;0.338206903;0.084745763;60483;0;0;
moh33;26;8951;4953;no;28230;4;rent;yes;31370;no;0.81607462;0.148148148;3140;1;0;
sara35;23;11007;11573;yes;39930;5;own;no;62;yes;1.353606468;0.208333333;-39868;0;1;
moh5638;83;12064;1968;no;45833;9;own;yes;39645;yes;0.479686421;0.107142857;-6188;0;0;
ahmad902;48;18524;10508;yes;22625;0;rent;no;2244;yes;0.669010346;0;-20381;0;0;
ahmad712;24;3077;10235;no;32088;6;own;no;1372;yes;4.193957115;0.24;-30716;0;1;
omar43;35;10577;1281;no;14114;8;rent;no;80501;no;0.232290288;0.222222222;66387;0;0;
nada4077;77;19984;12036;no;41167;1;rent;yes;59471;yes;0.773909599;0.012820513;18304;0;0;
nada74;87;17060;7262;no;38401;9;own;no;11956;yes;0.613216302;0.102272727;-26445;0;0;
ahmad93;69;13535;2058;no;5755;4;rent;no;35473;no;0.187469218;0.057142857;29718;0;0;
moh360;29;12510;5293;no;10825;9;own;no;8894;yes;0.495170916;0.3;-1931;0;0;
fatima842;33;9943;11724;yes;22693;3;rent;no;93918;no;1.369175717;0.088235294;71225;0;0;
nada5989;28;14954;13020;yes;4117;5;own;yes;64586;no;0.893552881;0.172413793;60469;0;0;
abd45;83;10804;6178;no;24729;5;rent;no;11709;yes;0.762494216;0.05952381;-13020;0;0;
sara5332;76;9565;7980;no;32182;1;own;no;76258;no;1.114555021;0.012987013;44076;0;0;
abd758;51;8984;14472;no;28890;1;rent;no;10210;yes;1.878631052;0.019230769;-18680;0;0;
abd878;46;7670;10200;no;29340;3;rent;yes;44510;no;1.648416113;0.063829787;15170;1;0;
nada6852;34;12184;2229;no;1518;0;rent;yes;97081;no;0.193311449;0;95563;0;0;
moh9132;25;5192;10227;no;30949;8;rent;yes;33674;yes;2.466027986;0.307692308;2725;1;1;
nada02;38;4248;5585;no;22547;6;rent;no;95025;no;1.756629011;0.153846154;72478;0;1;
nada50;30;14246;9467;no;16346;6;rent;no;12733;no;0.760101542;0.193548387;-3613;0;0;
user1931;87;15790;3740;no;2600;2;own;no;15080;no;0.250564668;0.022727273;12480;0;0;
noor242;63;6687;3289;no;46005;2;own;no;97200;no;1.065004486;0.03125;51195;0;0;
jana397;30;7018;2239;yes;29267;0;own;no;48412;no;0.666464834;0;19145;0;0;
rory45;22;14302;6370;no;36322;2;own;no;53971;yes;0.656983383;0.086956522;17649;0;0;
rory792;43;4970;1125;yes;26990;2;own;no;34709;yes;0.6787702;0.045454545;7719;0;1;
noor200;81;11389;13257;yes;16193;3;rent;yes;54846;no;1.282389523;0.036585366;38653;0;0;
user66;73;18374;13504;yes;30109;3;own;no;60480;yes;0.871460317;0.040540541;30371;0;1;
sara7954;21;8788;8473;no;19233;2;rent;no;47960;no;1.146404597;0.090909091;28727;0;0;
user4527;42;8408;13060;no;48021;9;own;yes;98550;yes;2.0289868;0.209302326;50529;1;1;
ali939;30;12446;10400;yes;16194;7;own;no;36152;yes;0.943962401;0.225806452;19958;0;0;
moh6114;87;3922;6342;no;34510;7;rent;no;22250;yes;2.349689863;0.079545455;-12260;0;1;
fatima5206;89;3419;8351;no;1306;0;rent;no;80765;no;2.473635478;0;79459;0;0;
reem88;40;13789;7638;no;3849;6;rent;no;43137;no;0.577139231;0.146341463;39288;0;0;
omar1869;61;4120;7570;yes;12360;1;rent;no;77011;no;2.086872118;0.016129032;64651;0;1;
omar3003;44;14260;4249;no;45536;0;own;no;41412;yes;0.564032443;0;-4124;0;0;
abd07;79;5336;10110;no;29231;2;rent;no;38876;no;2.350743239;0.025;9645;0;0;
moh714;26;8373;8595;yes;45800;3;own;no;89547;yes;1.482167025;0.111111111;43747;0;1;
reem9107;86;5243;14605;yes;36963;5;own;no;68664;no;3.372473303;0.057471264;31701;0;1;
ali8065;24;7612;13115;no;18689;9;own;no;45227;no;1.92728447;0.36;26538;0;0;
omar0281;40;16946;7294;no;29084;4;own;no;27450;yes;0.573415157;0.097560976;-1634;0;0;
omar161;39;14104;7527;no;40387;3;own;no;79433;no;0.772249793;0.075;39046;0;0;
sara31;69;16429;6757;no;9280;7;rent;no;68704;no;0.458328261;0.1;59424;0;0;
nada697;88;9371;13595;no;2642;3;rent;yes;1861;yes;1.474089486;0.033707865;-781;1;0;
moh5447;62;9359;14647;no;42137;9;own;yes;56914;no;1.940001781;0.142857143;14777;1;1;
jana20;48;10863;2969;yes;14296;1;own;yes;58888;no;0.382946735;0.020408163;44592;1;0;
ali1167;82;6228;11985;no;15438;2;own;no;74286;yes;2.130598812;0.024096386;58848;0;0;
huda386;25;17382;1891;no;48442;5;own;no;56293;yes;0.34101325;0.192307692;7851;0;0;
sara742;44;5891;5470;no;37525;7;rent;no;77524;no;1.459111224;0.155555556;39999;0;1;
jana39;23;6756;8175;no;2994;7;own;no;63515;no;1.246781116;0.291666667;60521;0;0;
moh817;33;18770;11225;no;47994;8;rent;no;18524;no;0.811064941;0.235294118;-29470;0;0;
sara9141;71;19478;10556;yes;34039;6;own;no;2065;no;0.687539573;0.083333333;-31974;0;1;
nada385;23;5674;9320;no;1813;1;rent;yes;32684;no;1.668913363;0.041666667;30871;1;0;
fatima5659;50;9898;10206;yes;27491;7;own;no;83720;no;1.262442334;0.137254902;56229;0;1;
jana835;37;13147;10991;no;18845;6;rent;no;28365;no;0.955386117;0.157894737;9520;0;0;
omar62;68;3793;7812;yes;41243;7;own;no;53876;no;2.964922685;0.101449275;12633;0;1;
abd03;38;5116;8519;yes;37164;2;rent;no;18704;yes;2.270080125;0.051282051;-18460;0;1;
omar3669;52;8779;14669;no;42051;6;own;no;52857;yes;2.069846241;0.113207547;10806;0;1;
huda49;63;15298;5612;yes;13318;9;own;yes;622;yes;0.439364229;0.140625;-12696;0;0;
fatima47;37;17153;10710;no;17200;8;rent;yes;78797;no;0.707900975;0.210526316;61597;0;0;
user8249;26;14111;13373;no;82;2;rent;yes;88955;no;0.948117441;0.074074074;88873;0;0;
ali777;48;13789;2198;yes;1920;9;rent;no;95003;yes;0.170993474;0.183673469;93083;0;0;
noor769;28;14397;13065;yes;40585;5;rent;no;86141;yes;1.14231722;0.172413793;45556;0;1;
abd912;80;15999;6238;no;11683;1;rent;no;89707;no;0.450723958;0.012345679;78024;0;0;
jana952;46;3814;11666;no;11336;1;own;yes;82700;yes;3.305548274;0.021276596;71364;1;0;
huda11;43;19729;7089;no;15596;4;own;no;74332;no;0.425173171;0.090909091;58736;0;0;
noor0666;82;13541;12677;no;2093;4;own;no;97390;no;0.949004332;0.048192771;95297;0;0;
rory7559;22;5443;7257;no;12905;6;rent;no;91856;no;1.530568822;0.260869565;78951;0;1;
jana801;80;13457;13241;no;24351;1;own;no;61201;yes;1.134659682;0.012345679;36850;0;0;
moh7496;70;13380;8705;no;30981;6;own;no;27694;yes;0.84349077;0.084507042;-3287;0;0;
moh3568;23;10783;4719;no;8367;4;rent;no;84766;no;0.502248702;0.166666667;76399;0;0;
sara539;55;14473;1302;yes;5285;5;rent;no;17995;no;0.120382525;0.089285714;12710;0;0;
ali9337;70;18328;13144;no;43664;7;own;no;87320;no;0.915634605;0.098591549;43656;0;0;
ahmad186;75;3827;13875;no;37705;9;own;no;75141;yes;4.445424068;0.118421053;37436;0;1;
jana166;79;10147;1986;no;16753;3;own;no;77999;no;0.333275851;0.0375;61246;0;0;
sara662;61;7451;11055;no;18485;6;own;no;3419;no;1.690206209;0.096774194;-15066;0;0;
sara18;38;18343;5440;no;12977;5;own;no;42952;no;0.355506796;0.128205128;29975;0;0;
noor78;88;16635;5909;no;19874;9;rent;no;28837;no;0.454746734;0.101123596;8963;0;0;
nada073;37;8959;4072;no;7674;1;rent;no;65799;yes;0.525837054;0.026315789;58125;0;0;
ali81;36;3126;14598;no;29038;7;rent;no;43877;yes;5.442223644;0.189189189;14839;0;1;
nada661;27;11795;14965;no;29315;9;own;no;40687;no;1.475747429;0.321428571;11372;0;0;
jana87;76;14641;4124;no;3676;8;rent;no;94667;no;0.302577061;0.103896104;90991;0;0;
jana0485;89;10196;10519;no;2426;4;own;no;32276;yes;1.051404008;0.044444444;29850;0;0;
sara61;66;14559;14380;no;24473;9;own;no;29523;yes;1.127707189;0.134328358;5050;0;0;
omar5061;70;6368;11600;no;2962;3;rent;no;61055;no;1.860077459;0.042253521;58093;0;0;
reem90;55;6797;12865;no;29943;5;own;no;49615;yes;2.25952486;0.089285714;19672;0;0;
rory08;54;18114;9125;no;859;7;own;no;91642;yes;0.507677799;0.127272727;90783;0;0;
huda718;63;16718;4291;yes;44816;2;rent;no;5514;no;0.480032697;0.03125;-39302;0;1;
ahmad4027;87;4792;5033;no;4138;9;own;no;42456;no;1.122018221;0.102272727;38318;0;1;
huda778;29;14053;6105;yes;35192;0;rent;no;2233;no;0.643067217;0;-32959;0;1;
noor800;23;6476;1703;no;25640;3;own;no;3898;yes;0.592815604;0.125;-29538;0;0;
moh2940;26;6417;9133;no;10409;3;rent;no;61133;no;1.558182715;0.111111111;50724;0;0;
reem8021;76;4645;1574;yes;4017;0;own;no;41715;no;0.410837279;0;37698;0;1;
nada83;35;17755;6704;yes;10451;8;own;no;80193;no;0.426611662;0.222222222;69742;0;0;
fatima332;46;6072;12424;no;28327;2;rent;no;99085;no;2.434477743;0.042553191;70758;0;0;
rory723;65;4854;8848;no;10278;4;own;yes;1256;yes;1.998867147;0.060606061;-9022;1;0;
ahmad79;49;7662;6208;no;24944;5;own;no;59800;yes;1.08138675;0.1;34856;0;0;
ahmad9602;49;9514;13975;yes;43764;7;own;no;89937;yes;1.852023121;0.14;46173;0;1;
ali7583;23;5708;7924;no;1134;5;own;no;36548;yes;1.404536696;0.208333333;35414;0;0;
huda3537;28;14694;11824;no;30131;2;own;no;67090;no;0.975496201;0.068965517;36959;0;0;
fatima4251;40;12524;4828;no;37887;5;own;no;73200;no;0.63754491;0.12195122;35313;0;0;
user0067;80;9456;4230;no;38462;0;rent;no;37367;no;0.786207747;0;-1095;0;0;
nada072;84;7212;1488;no;22520;3;own;no;84922;no;0.466472573;0.035294118;62402;0;0;
rory870;28;16224;8114;yes;21869;5;own;no;65382;yes;0.61241397;0.172413793;43513;0;0;
omar03;50;10970;10539;no;36932;6;own;yes;21205;no;1.241150913;0.117647059;-15727;1;0;
omar7657;78;19920;12873;no;5039;9;own;no;20570;yes;0.667281596;0.113924051;15531;0;0;
abd253;26;4625;4173;no;21281;2;rent;yes;25255;yes;1.28543378;0.074074074;3974;1;0;
ahmad2581;41;13314;13781;yes;47399;8;own;no;16182;yes;1.331649768;0.19047619;-31217;0;1;
user5902;79;10973;2667;no;10442;6;rent;no;34373;no;0.322322459;0.075;23931;0;0;
abd11;45;11577;10829;yes;8252;0;own;no;38019;no;0.994702597;0;29767;0;0;
omar050;29;11070;5114;no;27586;1;rent;no;57619;yes;0.669572155;0.033333333;30033;0;0;
ali5796;29;11666;4553;no;17568;0;rent;yes;11043;yes;0.515728122;0;-6525;0;0;
ahmad8548;67;6600;8761;no;20810;8;rent;no;40532;no;1.589935868;0.117647059;19722;0;0;
fatima6753;29;9783;2000;yes;1551;8;rent;no;96290;yes;0.217625715;0.266666667;94739;0;0;
rory488;64;16226;10042;yes;12625;6;rent;no;60936;no;0.683680491;0.092307692;48311;0;0;
ahmad9364;32;12146;2388;no;34397;9;own;no;14239;no;0.432569084;0.272727273;-20158;0;0;
ali5793;46;7971;6450;yes;26249;2;own;no;5416;no;1.083469226;0.042553191;-20833;0;0;
huda9066;40;16490;4712;yes;1361;4;rent;yes;1588;no;0.2926091;0.097560976;-2949;0;1;
ali8950;87;15951;2367;no;26149;3;own;no;76976;no;0.284985164;0.034090909;50827;0;0;
rory208;49;15312;9189;no;4370;6;own;no;19406;no;0.623859901;0.12;15036;0;0;
abd77;49;4990;10013;yes;5283;8;rent;no;3125;no;2.094419956;0.16;-8408;0;1;
moh11;89;8299;1454;no;7610;1;own;no;32066;no;0.251586345;0.011111111;24456;0;0;
user80;30;15997;10816;yes;43326;7;rent;yes;97072;yes;0.901768971;0.225806452;53746;0;1;
sara58;59;16472;3772;no;14924;8;rent;no;752;no;0.304478035;0.133333333;-14172;0;0;
rory48;80;7380;4726;no;47607;9;rent;yes;81753;no;1.177787563;0.111111111;34146;1;0;
omar150;65;7757;8232;no;44717;9;rent;no;73025;no;1.541430351;0.136363636;28308;0;1;
jana16;88;13395;12339;no;10626;8;own;no;3647;no;0.987197671;0.08988764;-14273;0;0;
omar2425;36;19241;13281;no;34761;9;own;no;21986;no;0.840752001;0.243243243;-12775;0;0;
moh72;68;8588;5806;no;869;6;own;no;81907;yes;0.684412233;0.086956522;81038;0;0;
fatima1903;29;7944;3190;yes;31552;8;own;no;99901;no;0.732452276;0.266666667;68349;0;1;
huda4638;31;16395;10108;no;1014;8;rent;no;9691;no;0.621645523;0.25;8677;0;0;
ahmad3996;26;7243;13178;no;10103;2;rent;no;64847;no;1.935383306;0.074074074;54744;0;0;
user894;56;12916;3875;no;16986;3;own;yes;43075;no;0.409576527;0.052631579;26089;0;0;
moh09;42;12984;6592;no;44781;1;own;no;5794;yes;0.795051983;0.023255814;-38987;0;0;
moh6945;52;4759;2440;no;30471;9;rent;no;63470;no;1.046060924;0.169811321;32999;0;1;
reem0109;31;12181;13592;yes;33458;2;own;no;11406;yes;1.344620478;0.0625;-22052;0;1;
sara29;52;5482;9927;no;25069;4;own;no;70930;yes;2.191516202;0.075471698;45861;0;0;
noor07;63;3951;12760;no;16873;4;own;no;21872;no;3.584535256;0.0625;4999;0;0;
reem722;65;5079;7059;no;23248;5;rent;no;36708;yes;1.770931759;0.075757576;13460;0;0;
jana733;20;5717;12530;no;23624;6;rent;no;15800;no;2.535618515;0.285714286;-7824;0;1;
reem1401;33;12692;8010;no;43516;6;rent;no;38397;yes;0.916752016;0.176470588;-5119;0;0;
jana38;46;10311;12207;no;29061;0;rent;no;32909;yes;1.418614236;0;3848;0;0;
moh7586;47;3768;8117;yes;24170;1;own;no;16352;no;2.688025117;0.020833333;-7818;0;1;
noor977;44;8490;12081;yes;8024;8;own;no;96975;no;1.501550661;0.177777778;88951;0;1;
huda4439;44;18534;10153;yes;16678;9;rent;yes;88848;no;0.622758745;0.2;72170;0;0;
omar525;74;9645;3989;no;38256;1;own;no;10438;no;0.74403898;0.013333333;-27818;0;0;
nada29;27;8232;13040;yes;20411;5;rent;no;83921;no;1.790467225;0.178571429;63510;0;0;
jana6203;68;14485;10218;no;43803;0;rent;no;39999;yes;0.957355378;0;-3804;0;0;
moh25;71;8797;7228;no;19296;2;rent;no;13482;yes;1.004319163;0.027777778;-5814;0;0;
noor92;71;15342;13057;no;26293;1;rent;yes;27471;yes;0.993813683;0.013888889;1178;0;0;
reem372;55;11038;7471;no;27172;2;rent;no;42279;no;0.881903554;0.035714286;15107;0;0;
huda6741;78;19002;3863;yes;21128;4;rent;no;49213;no;0.295935729;0.050632911;28085;0;0;
ahmad3736;45;16087;14761;no;18257;9;own;yes;8026;no;1.012084576;0.195652174;-10231;0;0;
omar7792;28;7873;11693;no;12855;5;own;yes;80184;no;1.621062992;0.172413793;67329;1;0;
reem97;57;4481;11139;no;19642;8;own;no;435;no;2.850475978;0.137931034;-19207;0;1;
user498;53;13093;2177;no;35585;9;rent;no;3493;yes;0.392730767;0.166666667;-32092;0;0;
omar5822;31;17422;5760;no;20025;3;own;yes;67227;yes;0.426376055;0.09375;47202;0;0;
sara4213;49;19438;1011;no;4458;6;rent;no;54321;no;0.071119914;0.12;49863;0;0;
jana79;76;10643;6252;no;5307;5;own;no;2237;no;0.628922398;0.064935065;-7544;0;0;
nada21;73;18708;5399;no;41701;1;rent;no;15389;no;0.474321628;0.013513514;-26312;0;0;
ali85;75;14271;12556;no;18425;9;own;no;26498;yes;0.98734702;0.118421053;8073;0;0;
abd31;24;15600;12214;yes;49831;7;rent;no;58755;no;1.049072709;0.28;8924;0;1;
user820;63;13998;12563;no;43427;6;rent;no;96545;yes;1.155933757;0.09375;53118;0;0;
ahmad15;57;17295;12022;yes;28273;6;own;no;30825;yes;0.83129529;0.103448276;2552;0;0;
rory1835;65;13682;9234;no;38506;7;own;no;11934;no;0.909364418;0.106060606;-26572;0;0;
rory6233;29;19380;10135;no;5668;0;rent;no;574;yes;0.547305781;0;-5094;0;0;
moh43;37;11519;11582;yes;25934;0;own;no;33179;no;1.192983218;0;7245;0;0;
moh8083;24;6300;6445;no;47195;7;own;no;3413;yes;1.647026927;0.28;-50608;0;1;
ali860;30;9722;11737;no;7697;3;rent;no;37782;no;1.273106723;0.096774194;30085;0;0;
omar850;86;10218;11603;no;24417;4;rent;yes;99224;no;1.33454839;0.045977011;74807;1;0;
fatima8954;68;6054;14178;no;16446;7;rent;no;49412;yes;2.567877787;0.101449275;32966;0;0;
jana42;66;16575;7570;no;40597;4;own;no;55561;no;0.660779641;0.059701493;14964;0;0;
reem7016;43;10970;10196;yes;10751;9;own;no;72224;yes;1.011021481;0.204545455;61473;0;0;
ahmad4467;29;5143;9212;no;46218;3;rent;no;591;no;2.539560653;0.1;-46809;0;1;
huda12;49;12503;1406;yes;7352;5;rent;no;66319;yes;0.161441672;0.1;58967;0;0;
jana13;43;18149;10206;no;13516;4;rent;no;94016;yes;0.624370983;0.090909091;80500;0;0;
noor109;48;15175;5431;yes;23299;6;own;no;21751;yes;0.485805438;0.12244898;-1548;0;0;
nada63;21;11356;11030;no;31957;9;own;no;33174;yes;1.205695459;0.409090909;1217;0;0;
fatima1777;47;18070;12380;no;28927;6;own;yes;51572;no;0.818470662;0.125;22645;0;0;
moh0902;90;3822;6243;yes;41094;3;own;yes;56416;yes;2.528773215;0.032967033;15322;1;1;
noor87;78;17289;7542;no;36412;4;own;no;7041;yes;0.611702333;0.050632911;-29371;0;0;
sara52;87;9150;7936;no;29493;2;own;no;18227;no;1.13580483;0.022727273;-11266;0;0;
noor075;59;7425;9906;no;26711;3;rent;no;30201;yes;1.633708143;0.05;3490;0;0;
abd06;37;19032;5146;no;8003;3;own;yes;31069;no;0.305412529;0.078947368;23066;0;0;
nada6382;61;5198;13046;no;31707;2;rent;no;77190;no;3.017551452;0.032258065;45483;0;1;
sara574;54;6452;13611;no;3278;9;rent;yes;21370;no;2.151583243;0.163636364;18092;1;0;
sara6452;23;12106;14076;yes;7296;4;rent;yes;90018;no;1.212852069;0.166666667;82722;0;0;
rory069;48;16859;1140;yes;25398;4;own;yes;6586;no;0.193149466;0.081632653;-18812;0;0;
jana89;76;11705;13757;no;35842;6;rent;no;45231;yes;1.430363346;0.077922078;9389;0;1;
user49;81;13112;5882;no;13261;3;rent;no;322;no;0.532836371;0.036585366;-12939;0;0;
ahmad4493;87;7841;14645;no;11173;3;rent;no;60294;no;1.98623863;0.034090909;49121;0;0;
ali085;22;18358;7012;no;30449;8;rent;no;74468;no;0.520149064;0.347826087;44019;0;0;
nada7078;86;4409;1963;no;41080;5;rent;yes;24299;no;1.221390779;0.057471264;-16781;1;1;
rory0224;22;7566;8151;no;1637;3;rent;no;85715;no;1.095205057;0.130434783;84078;0;0;
rory4049;64;14382;9564;no;31781;1;own;no;65793;no;0.849086885;0.015384615;34012;0;0;
fatima7124;44;17596;12827;no;13652;5;rent;no;41501;no;0.793582239;0.111111111;27849;0;0;
nada826;29;3804;11733;no;5103;1;own;yes;52134;no;3.195335085;0.033333333;47031;1;0;
sara432;27;16221;4610;no;25500;4;rent;no;4777;no;0.41517692;0.142857143;-20723;0;0;
ali4002;46;4279;10884;no;49796;5;own;no;6249;yes;3.512538941;0.106382979;-43547;0;1;
ali5688;38;16192;7894;no;34800;3;own;no;16390;no;0.666584327;0.076923077;-18410;0;0;
reem46;27;10083;14467;yes;35529;2;rent;no;15369;no;1.728257636;0.071428571;-20160;0;1;
omar5037;47;14093;14959;yes;47963;6;rent;yes;7881;yes;1.344963578;0.125;-40082;0;1;
reem1389;85;15880;8311;no;18452;1;own;no;4587;yes;0.620154063;0.011627907;-13865;0;0;
nada9975;42;18517;1105;no;49393;5;own;yes;88800;no;0.281946394;0.11627907;39407;0;0;
ahmad43;33;5106;6539;no;31174;3;rent;no;69327;yes;1.789080347;0.088235294;38153;0;1;
jana330;60;19086;10873;no;35436;5;own;no;82911;yes;0.72436737;0.081967213;47475;0;0;
user17;26;7831;13289;yes;47406;3;rent;yes;83147;no;2.2011619;0.111111111;35741;1;1;
ahmad5728;69;6186;13208;no;15954;3;own;no;2833;yes;2.349684823;0.042857143;-13121;0;0;
rory52;74;5573;11828;no;17186;3;rent;no;42013;no;2.378931946;0.04;24827;0;0;
fatima4069;44;15808;7787;no;12356;8;rent;yes;58620;yes;0.557699201;0.177777778;46264;0;0;
ahmad361;47;5599;3137;no;32963;6;own;no;10754;yes;1.050699405;0.125;-22209;0;1;
omar226;21;7033;12608;no;2187;2;own;no;73113;no;1.818346602;0.090909091;70926;0;0;
jana106;53;11428;5445;yes;11707;2;own;no;91631;no;0.561779975;0.037037037;79924;0;0;
noor011;47;4304;4530;no;35098;5;rent;no;81784;yes;1.731668602;0.104166667;46686;0;1;
omar2594;47;11633;2286;no;26935;5;rent;no;30282;yes;0.389426107;0.104166667;3347;0;0;
noor91;25;14372;12371;no;21225;3;rent;no;31737;no;0.983771655;0.115384615;10512;0;0;
user476;30;11996;14350;no;3606;8;own;no;92427;yes;1.221180295;0.258064516;88821;0;0;
abd2766;61;19458;8052;yes;32828;3;own;no;19124;yes;0.554379293;0.048387097;-13704;0;1;
jana372;38;8475;4654;yes;26489;8;own;yes;65102;yes;0.809511169;0.205128205;38613;1;0;
user281;76;10184;8102;no;14387;3;own;no;2804;no;0.913197513;0.038961039;-17191;0;0;
fatima9432;73;15875;3359;no;3927;1;rent;no;56527;no;0.232190098;0.013513514;52600;0;0;
ahmad60;41;4622;9105;yes;6296;1;rent;yes;91651;no;2.082990843;0.023809524;85355;1;1;
ali1303;45;18988;9636;yes;30444;4;rent;no;80395;no;0.641055348;0.086956522;49951;0;1;
ahmad393;81;11041;7441;no;46390;3;own;no;6345;no;1.023984182;0.036585366;-40045;0;0;
ali4643;33;19725;6047;yes;46893;6;rent;no;29077;no;0.504651222;0.176470588;-17816;0;1;
fatima7093;81;10992;9227;no;2591;4;rent;yes;61400;no;0.858993602;0.048780488;58809;1;0;
sara3390;57;18646;6203;no;44895;5;rent;yes;7055;yes;0.533289537;0.086206897;-37840;0;0;
sara23;72;7263;10667;no;48516;9;rent;no;98693;no;2.025055066;0.123287671;50177;0;1;
noor8849;78;17060;13149;yes;26147;3;own;no;80283;no;0.89841842;0.037974684;54136;0;0;
ahmad72;69;18156;2798;yes;38889;1;own;yes;39484;no;0.332585229;0.014285714;595;0;1;
nada7002;42;11646;11037;no;1200;9;rent;no;72514;yes;0.9562119;0.209302326;71314;0;0;
nada394;45;14664;10600;no;15721;8;own;yes;85135;yes;0.812143425;0.173913043;69414;0;0;
jana447;39;5969;6291;no;19238;9;own;no;30771;no;1.322305974;0.225;11533;0;1;
ali19;25;6028;6495;yes;11087;6;rent;no;52654;no;1.230538508;0.230769231;41567;0;1;
rory35;38;6629;10900;no;30816;3;rent;no;41540;no;2.031372549;0.076923077;10724;0;0;
reem349;28;6067;14673;no;23408;2;rent;no;78151;yes;2.739562733;0.068965517;54743;0;0;
moh9187;35;8941;12130;no;39740;9;own;no;99885;no;1.726869455;0.25;60145;0;1;
sara62;61;14555;7284;no;136;2;own;no;24377;no;0.501190803;0.032258065;24241;0;0;
jana26;84;16081;8285;no;17413;8;rent;no;90567;no;0.60540252;0.094117647;73154;0;0;
abd49;62;9819;2300;no;48114;4;rent;no;44573;no;0.642515275;0.063492063;-3541;0;0;
ahmad99;71;14046;7869;yes;18978;2;rent;yes;37733;no;0.672777105;0.027777778;18755;0;0;
fatima40;28;5711;10435;no;661;4;rent;no;6760;no;1.836499183;0.137931034;6099;0;0;
rory8670;75;7853;13168;yes;35240;1;rent;no;94250;no;2.050505051;0.013157895;59010;0;1;
ali913;31;10715;4097;no;27253;3;rent;yes;20762;no;0.594259363;0.09375;-6491;1;0;
reem630;30;11942;5616;no;26884;9;own;no;45986;yes;0.657819085;0.290322581;19102;0;0;
ahmad450;63;18507;1009;yes;32854;1;rent;yes;29332;yes;0.202443988;0.015625;-3522;0;1;
rory43;77;18826;14271;no;10704;1;rent;no;35100;no;0.805385882;0.012820513;24396;0;0;
nada32;63;4762;11617;yes;38987;7;rent;no;56;no;3.121124641;0.109375;-39043;0;1;
omar1376;57;18850;6752;no;24527;0;own;yes;43825;no;0.466602125;0;19298;0;0;
moh17;22;15112;10852;no;16322;6;rent;no;8877;no;0.808057081;0.260869565;-7445;0;0;
jana1936;90;15652;11823;yes;47517;4;own;no;24990;yes;1.008289146;0.043956044;-22527;0;1;
ali567;83;9122;7295;no;6968;7;rent;no;94612;no;0.863275969;0.083333333;87644;0;0;
ali045;27;3481;5815;no;27518;0;own;no;50283;no;2.328594677;0;22765;0;0;
jana48;39;17536;2072;yes;46364;6;rent;no;1742;yes;0.33846534;0.15;-48106;0;1;
abd04;44;3153;4225;yes;27886;4;own;no;26629;yes;2.076358064;0.088888889;-1257;0;1;
sara245;80;10617;14146;no;1700;3;own;no;32579;no;1.345608087;0.037037037;30879;0;0;
sara88;65;4524;2316;no;28246;6;own;no;17958;yes;1.032007366;0.090909091;-10288;0;0;
omar8535;41;5120;6699;no;35468;9;rent;no;34465;no;1.885308859;0.214285714;-1003;0;1;
sara579;73;18048;13337;yes;23199;1;own;no;80853;yes;0.846044102;0.013513514;57654;0;0;
ali01;80;5343;7807;yes;44589;0;own;no;10775;no;2.156203219;0;-33814;0;1;
