salary,monthly_expense,late_payment,debt_amount,num_loans,housing_status,has_workers,savings_balance,has_dependents,expense_ratio,debt_to_income,net_balance,financial_distress
18795,6136,0,46092,3,0,0,54117,0,0.32645243668865714,2.4522238774207277,8025,0
3860,6760,0,10350,6,0,0,51096,0,1.7508417508417509,2.6806526806526807,40746,0
8390,2240,0,30622,0,1,0,2910,0,0.2669526874031701,3.6493862471695864,-27712,0
14964,1060,1,35323,6,1,0,76383,1,0.07083194119612429,2.360374206481791,41060,0
14284,10130,0,2951,7,0,0,66185,0,0.7091354567728386,0.20658032901645082,63234,0
9265,2639,0,17622,4,1,0,45248,1,0.2848046622059141,1.9017914957910642,27626,0
19850,7185,0,4727,1,0,0,69656,0,0.36194650143569596,0.23812402397864088,64929,0
7426,13312,1,38454,4,1,1,-3049,0,1.7923791571293928,5.177595260535883,-41503,1
17423,14350,0,36469,5,1,0,60212,1,0.8235766758494031,2.0930325987144167,23743,0
14363,8970,0,35548,1,0,0,70701,1,0.6244778613199666,2.4747981063770537,35153,0
19023,13418,1,23782,5,0,0,74888,0,0.7053195962994113,1.2501051303616484,51106,0
11322,12761,1,28454,5,0,1,70282,0,1.1269981453678353,2.5129382672436633,41828,0
4685,2252,1,2368,0,1,0,89533,0,0.4805804524114383,0.5053350405463082,87165,1
3769,5203,0,15592,0,0,0,36954,0,1.380106100795756,4.135809018567639,21362,0
5433,9363,0,22173,9,0,0,84719,0,1.7230401177769599,4.080419580419581,62546,1
8311,10650,0,33204,2,0,1,3804,0,1.2812800769971127,3.994706448508181,-29400,0
8051,4549,1,35596,9,0,0,87705,1,0.5649528067560854,4.420765027322404,52109,1
9420,5197,0,34324,9,0,0,-4405,1,0.5516399532958285,3.6433499628489545,-38729,1
9396,8009,0,46132,2,1,0,24592,0,0.8522932850909865,4.909226348834735,-21540,0
11666,7667,0,23864,3,1,0,35643,0,0.6571526527813492,2.0454272735064714,11779,0
5747,3322,0,47829,1,0,0,57665,0,0.5779401530967293,8.32098121085595,9836,1
3189,10828,1,30750,8,1,0,15823,0,3.39435736677116,9.639498432601881,-14927,1
6005,12307,0,10576,9,0,1,972,1,2.049117549117549,1.760905760905761,-9604,0
4899,5090,0,16566,6,1,1,10882,0,1.0387755102040817,3.380816326530612,-5684,1
4267,7960,0,7190,6,0,0,61394,1,1.8650421743205248,1.6846298031865041,54204,1
14394,4004,0,23071,5,0,0,66055,1,0.27815213615838835,1.6027092740534907,42984,0
6556,6136,0,38333,2,1,1,18769,0,0.9357938081439683,5.84611865182248,-19564,0
6890,1329,0,15369,5,1,0,20020,1,0.19286025250326513,2.2303003918154114,4651,0
11838,4640,1,24035,7,1,0,37748,0,0.3919249936650055,2.030154573866036,13713,0
17502,13086,1,1589,7,0,1,97621,0,0.7476432611552305,0.09078443695366509,96032,0
13627,14808,0,25235,8,0,0,80374,0,1.0865864396830056,1.8517023774581745,55139,0
11792,8982,0,159,0,1,1,39912,1,0.7616382599847367,0.013482574408547443,39753,0
13555,5107,1,12145,0,0,1,7879,1,0.3767335497196813,0.8959132487459428,-4266,0
13253,2341,1,15373,2,1,1,28798,1,0.17662592424928322,1.1598762637694282,13425,0
11433,12855,1,31921,2,1,0,84826,0,1.1242784677278292,2.791761413328669,52905,1
13233,9407,0,39323,9,0,1,41073,0,0.7108206135711047,2.9713616442496598,1750,0
14016,1338,1,16237,7,1,1,70791,0,0.0954555182992081,1.1583791110794035,54554,0
5612,6895,0,41971,9,1,0,61983,1,1.2283983609477998,7.47746303224657,20012,1
18787,13254,1,8244,0,1,0,38005,0,0.7054502874175005,0.4387907174792421,29761,0
15206,3708,0,14743,1,1,0,89731,1,0.24383507595186427,0.9694877359110936,74988,0
11226,12344,1,31566,1,1,0,-2150,1,1.0994922953594015,2.8116148570410617,-33716,1
17541,2750,0,46101,2,1,1,23400,0,0.1567666172614297,2.628035571770608,-22701,0
6152,6604,1,46109,5,0,0,6953,0,1.0732975784170324,7.493742889647327,-39156,1
4585,3421,0,18691,0,1,0,18535,1,0.7459659834278238,4.0756650675970345,-156,0
6943,8119,1,33996,1,0,0,70536,1,1.1692108294930876,4.89573732718894,36540,1
4021,9901,0,5590,0,1,0,70039,0,2.4617105917454003,1.3898557931377424,64449,0
14653,6319,0,5585,4,1,0,76029,1,0.43121332059505935,0.3811246076156681,70444,0
13805,7609,0,9227,6,0,1,-945,1,0.5511371867304071,0.6683326090105751,-10172,0
16417,14400,0,28278,7,0,0,33170,0,0.8770861249847728,1.7223778779388477,4892,0
10989,6387,0,38814,9,1,1,92944,0,0.5811646951774341,3.5317561419472248,54130,0
12692,12918,0,12237,0,0,0,94976,0,1.0177263058378634,0.9640746868352635,82739,0
15990,12834,0,15649,6,0,0,23251,0,0.8025764492527047,0.9786129697955099,7602,0
9873,4993,0,37713,4,0,0,-468,0,0.5056714604010533,3.8194247518736075,-38181,1
8675,9680,0,7927,9,0,0,-76,1,1.11572153065929,0.9136698939603504,-8003,1
3161,9044,0,45409,0,1,0,43037,0,2.860215053763441,14.360847564832385,-2372,1
7297,14849,0,48766,2,1,0,73082,0,2.034667032063579,6.682104686215402,24316,0
3995,9238,0,46154,6,0,0,87115,1,2.3118118118118116,11.55005005005005,40961,1
14534,12551,1,7016,9,1,0,66621,0,0.8635018919848642,0.4826969384244926,59605,0
10629,5873,0,14027,0,0,0,72926,1,0.5524929444967074,1.3195672624647226,58899,0
4016,14327,0,48688,6,1,0,73816,1,3.566591984067712,12.120487926313169,25128,1
11529,5806,1,24142,4,1,0,84654,1,0.5035559410234172,2.093842150910668,60512,0
12268,9592,0,46520,0,0,0,65400,0,0.7818078082973348,3.7916700627598012,18880,0
15185,13182,1,23545,0,1,0,94525,0,0.8680363492690636,1.550441195838272,70980,0
9331,6913,0,31897,0,0,0,96164,0,0.7407843977711102,3.4180240034290614,64267,0
11571,8124,1,3167,8,0,1,87385,0,0.7020394054614587,0.27367784306947807,84218,0
10208,4157,0,44757,2,0,0,88102,1,0.4071897345479479,4.384072876873347,43345,0
8276,13537,0,26917,4,0,0,5702,1,1.6354959526398454,3.252023680077323,-21215,0
19448,1390,0,22736,9,0,0,10385,1,0.07146897012699882,1.1690061185665073,-12351,0
19216,13045,0,27990,8,0,0,4336,1,0.678826039444242,1.4565228703751887,-23654,0
11006,5430,0,14087,5,0,0,60421,1,0.49332243118015806,1.2798219314981376,46334,0
5568,9820,0,22440,8,1,0,26225,0,1.763332734781828,4.029448734063566,3785,1
5027,8686,1,35205,7,1,0,31021,0,1.7275258552108195,7.001789976133652,-4184,1
5695,5232,0,15275,7,1,0,-1218,0,0.9185393258426966,2.681706460674157,-16493,1
18422,12122,1,5276,0,1,0,83877,1,0.657981870487977,0.28638115399229225,78601,0
8258,9007,0,41627,8,0,1,84630,0,1.0905678653590023,5.0401985712556,43003,1
9736,2521,0,40586,5,0,1,44111,1,0.2589093149840813,4.168224299065421,3525,0
3391,10018,0,37496,8,0,0,84402,1,2.953419811320755,11.054245283018869,46906,1
16986,14014,0,19008,2,1,0,79585,0,0.8249838111497028,1.1189733325484195,60577,0
15666,2500,0,5738,2,0,0,37719,0,0.15957107295589457,0.3662475266483692,31981,0
8892,7737,0,32402,5,1,1,91528,1,0.8700101203193523,3.6435398628134488,59126,0
6561,4294,1,5793,8,0,0,44037,0,0.6543736665650717,0.8828101188661993,38244,0
9184,6085,0,37291,6,0,0,75103,1,0.6624931954273272,4.0599891126837235,37812,0
11392,3419,1,5571,2,1,0,-1487,0,0.30009655051347317,0.48898446414465024,-7058,1
16067,10126,0,31331,2,1,1,8335,0,0.6301966641772467,1.9499004232013941,-22996,0
18265,4042,0,16209,1,1,0,39140,0,0.22128544837402825,0.8873864009635388,22931,0
5454,5497,0,48014,8,0,0,99126,1,1.007699358386801,8.801833180568286,51112,1
14837,2466,1,25394,2,0,0,75373,1,0.16619490497371614,1.711416632969403,49979,0
17039,4561,0,43148,4,0,0,72658,0,0.2676643192488263,2.5321596244131457,29510,0
13965,1614,1,25682,8,1,0,29840,0,0.11556637548331662,1.8388944579693542,4158,0
12762,6392,0,2224,7,1,0,26007,1,0.5008226905899866,0.17425370210765495,23783,0
8056,8693,1,41157,1,0,0,51947,0,1.0789375698150676,5.108228869306194,10790,1
17948,10374,0,48695,2,0,1,88220,0,0.5779709175998663,2.712964510557691,39525,0
11110,4223,0,44452,1,1,0,21393,0,0.3800738007380074,4.000720007200072,-23059,0
16773,8138,0,43408,7,1,0,52480,0,0.4851555979492071,2.5878144747824012,9072,0
3502,3667,0,32441,5,0,0,83290,0,1.0468170139880102,9.26091921210391,50849,1
9910,8980,0,41430,5,1,0,81335,0,0.9060639693270104,4.180203813944103,39905,0
15685,14409,0,39129,8,1,0,99263,0,0.9185898253219431,2.494517404054571,60134,0
3206,1130,0,34716,7,1,0,4107,1,0.3523542251325226,10.825070159027128,-30609,1
18934,14482,0,44859,3,0,1,993,1,0.7648270398732506,2.3691048323210984,-43866,0
11755,3983,0,26586,3,0,0,91341,1,0.3388057162300102,2.2614834977883636,64755,0
15383,5278,0,44760,8,0,0,88650,0,0.34308372334893394,2.909516380655226,43890,0
17820,8126,0,23478,0,0,0,98325,1,0.45597890129622354,1.3174344874025026,74847,0
10574,13651,1,6318,1,0,0,47066,0,1.2908747044917257,0.5974468085106382,40748,0
9374,9230,0,28694,1,1,1,37942,1,0.9845333333333334,3.0606933333333335,9248,0
4678,8694,1,20180,5,0,0,11138,1,1.8580893353280616,4.312887369095961,-9042,1
4059,13151,0,12180,3,1,0,39527,0,3.2391625615763546,3.0,27347,0
19198,7640,0,33002,9,0,1,4190,1,0.3979373925725298,1.7189436949841137,-28812,0
12914,12779,0,15372,2,1,0,87259,1,0.9894696089818041,1.1902439024390243,71887,0
13817,6468,0,29796,2,1,0,73422,1,0.46808510638297873,2.1563178462874513,43626,0
13921,1920,0,24427,2,1,1,50698,0,0.1379112196523488,1.7545611262749605,26271,0
12789,8564,0,33290,5,1,0,77315,0,0.6695856137607505,2.6028146989835808,44025,0
19312,11961,0,28099,7,1,0,88710,0,0.61932377155284,1.4549267332884586,60611,0
14252,13303,1,45486,6,1,0,24086,0,0.9333473654669192,3.1913281414439068,-21400,1
5693,9684,0,9821,3,0,0,12322,0,1.7007376185458378,1.724798033017211,2501,0
16931,14737,1,5832,3,1,1,95814,1,0.8703638081738719,0.34443656980864634,89982,0
6627,10323,0,12820,9,0,1,78569,1,1.5574834037417018,1.9342184671092335,65749,0
19157,12713,0,16211,1,0,0,80610,0,0.6635870132581689,0.846173922121307,64399,0
13173,9502,0,39890,0,0,0,-1565,1,0.7212691665401548,3.027933809017762,-41455,1
13230,9930,0,5842,8,0,0,96505,1,0.7505101655203689,0.4415388103695866,90663,0
18707,4241,0,1316,1,0,1,48331,0,0.22669446226213386,0.07034423775924738,47015,0
14494,1545,1,45968,7,1,0,23942,0,0.1065884787857882,3.171300448430493,-22026,1
4306,11653,0,17508,8,1,0,54635,1,2.705595542140701,4.065010448107731,37127,1
9776,5346,0,22005,3,1,0,24059,1,0.5467934949370973,2.2506903958269406,2054,0
12474,14046,0,15206,7,0,0,52557,0,1.125931863727455,1.2189178356713426,37351,0
10526,10996,0,18971,8,0,1,47389,0,1.0445521041132326,1.8021278616889902,28418,0
8530,12404,0,25599,9,1,0,48014,0,1.4539913257531356,3.0007033173133277,22415,0
6748,14585,1,22056,9,1,0,27826,0,2.1610608979108017,3.2680397095866054,5770,1
16545,14919,0,1378,4,0,0,25297,0,0.9016680768765865,0.08328296869333977,23919,0
3663,4810,0,1519,6,1,0,38890,0,1.3127729257641922,0.41457423580786024,37371,1
4998,8206,1,22161,9,0,0,16322,0,1.6415283056611323,4.433086617323465,-5839,1
10994,10005,0,40703,3,0,0,30739,1,0.9099590723055935,3.7019554342883128,-9964,0
6304,13316,1,38861,0,0,0,4719,0,2.1119746233148295,6.163521015067407,-34142,1
16808,14245,1,5355,2,0,0,74553,1,0.8474626688083765,0.3185793325004462,69198,0
9585,3032,1,9083,4,0,0,3314,1,0.3162945962862508,0.9475276444815356,-5769,0
14649,13764,0,38342,2,1,0,88831,0,0.9395221843003413,2.6172013651877135,50489,0
4636,13605,0,20456,6,0,0,70164,0,2.934009057580332,4.411472935087341,49708,1
7737,9436,0,13324,8,0,0,72028,0,1.2194365469113466,1.7218919617472215,58704,0
17555,14035,0,2257,5,1,0,31113,1,0.7994417862838915,0.1285600364547733,28856,0
16877,13984,0,27364,9,1,0,10357,0,0.8285341865149899,1.6212821424339376,-17007,0
3854,1271,0,24972,0,1,1,93865,0,0.3297016861219196,6.477821011673152,68893,0
8855,4511,0,46179,6,1,0,15365,0,0.5093721770551038,5.2144308943089435,-30814,0
10392,2771,1,26654,2,0,0,34029,1,0.26662176464928317,2.564610795727894,7375,0
16949,10454,0,15233,4,0,0,-3263,1,0.6167551622418879,0.8987020648967552,-18496,0
8791,11616,1,15887,9,1,0,69632,0,1.3212010919017287,1.8069836214740673,53745,1
7931,5361,0,29320,3,1,0,80474,1,0.6758698940998488,3.6964195663136663,51154,0
3202,8069,0,20808,9,0,0,73218,0,2.5192007492975335,6.496409615985014,52410,1
14447,1920,1,30154,4,1,0,22499,0,0.132890365448505,2.0870708748615727,-7655,1
15688,9190,1,34773,4,1,0,41157,1,0.5857607240741921,2.216393651603034,6384,1
7389,4430,0,27747,5,0,0,51247,1,0.5994587280108254,3.7546684709066307,23500,0
5327,5435,0,10860,9,0,0,36034,1,1.0200825825825826,2.0382882882882885,25174,1
11004,13676,1,42838,9,1,0,-4706,0,1.2427078600636075,3.8925942753293956,-47544,1
10777,11816,0,42156,5,1,1,93072,1,1.0963072926331416,3.9113007979216925,50916,0
3197,4760,1,18156,7,1,0,19596,0,1.4884302689180737,5.677298311444653,1440,1
4930,3050,0,20360,7,0,0,93185,0,0.6185357939566011,4.128979922936524,72825,0
14774,12692,0,18135,8,0,0,6434,0,0.8590186125211506,1.2274111675126904,-11701,0
18087,2165,1,25351,7,1,0,53382,1,0.11969261388766032,1.4015369305616983,28031,0
12339,9567,1,30499,1,0,0,33098,1,0.7752836304700162,2.4715559157212317,2599,1
14589,3033,1,47377,9,0,0,-345,0,0.20788211103495544,3.2472241261137764,-47722,1
18708,7467,0,23554,0,1,0,78029,0,0.39911272649526963,1.258966272916778,54475,0
5811,1145,1,49131,9,1,0,41228,0,0.19700619408121128,8.453372333103923,-7903,1
17243,5388,0,19604,1,0,0,-1229,1,0.3124565066109951,1.1368591974019948,-20833,0
9546,8832,1,16923,1,1,1,69099,1,0.9251073635697078,1.7725987221116581,52176,0
4986,9623,0,47591,2,1,0,51799,0,1.9296170042109484,9.543011830759976,4208,1
11338,9896,0,8547,9,0,0,57257,1,0.8727401005379664,0.7537701737366611,48710,0
14411,9173,0,44283,6,0,1,12558,0,0.6364834859839023,3.072647793505412,-31725,0
5911,3632,0,33002,1,0,0,94468,0,0.6143437077131259,5.582205683355887,61466,1
4734,5494,0,14562,0,0,0,53436,1,1.1602956705385428,3.0753959873284056,38874,0
11680,9056,0,7480,5,0,1,87103,0,0.7752760893759096,0.6403561338926462,79623,0
8759,8511,0,26672,8,1,0,27376,0,0.9715753424657534,3.0447488584474884,704,0
5385,10155,0,4213,2,0,0,82458,1,1.8854437430375046,0.7822131451912365,78245,0
14111,11426,1,10293,5,1,1,72924,0,0.8096655328798186,0.7293792517006803,62631,0
7736,11233,0,34441,2,1,0,24332,1,1.4518547240532507,4.451466976864418,-10109,0
4802,2828,0,2100,0,0,0,41737,1,0.5887986674994795,0.4372267332916927,39637,0
11155,11300,1,44617,4,0,0,84031,1,1.0129078522768018,3.9993725349587668,39414,1
11120,13260,0,28172,9,1,0,68970,0,1.1923388184515782,2.5332254293678624,40798,0
9616,10130,0,20132,3,0,0,46952,0,1.053343038369554,2.093376312779453,26820,0
17257,5805,0,18199,6,1,0,15991,0,0.3363657434233399,1.0545254374782709,-2208,0
17486,1806,0,36609,5,1,1,22472,1,0.10327671984903071,2.09349802710585,-14137,0
19646,10655,0,42965,9,1,0,54946,0,0.542321982999949,2.1868478648139664,11981,0
17075,8486,1,8016,6,0,0,21849,1,0.4969547903490279,0.46943078004216443,13833,0
12208,14613,0,39779,4,0,1,-3459,0,1.1969039233352445,3.2581702023097714,-43238,1
19371,12607,0,37261,3,1,0,-2235,0,0.6507846376213091,1.9234462110262234,-39496,1
14835,9202,1,31881,6,0,0,38074,1,0.6202480452952278,2.1488945807495283,6193,1
16168,14373,1,17058,6,1,0,97795,1,0.8889232481909828,1.0549817552105882,80737,0
5049,2868,0,24472,5,0,0,24283,0,0.5679207920792079,4.845940594059406,-189,0
8423,8878,1,41346,7,1,0,96387,1,1.0538936372269705,4.9081196581196584,55041,1
17589,14059,0,34926,3,1,0,95161,0,0.7992609437180216,1.9855599772598067,60235,0
10158,6690,1,34832,9,0,0,-4231,1,0.658529382813269,3.428683925583227,-39063,1
13248,14895,1,36021,4,1,0,12806,1,1.1242357913804815,2.718771228017209,-23215,1
10400,8827,1,24087,3,1,0,85518,0,0.8486683972694933,2.3158350158638594,61431,0
12874,6429,0,12828,0,0,0,-2028,0,0.49933980582524273,0.9963495145631068,-14856,0
18151,10076,0,31128,7,0,0,13256,0,0.5550903481710004,1.7148523578669017,-17872,0
4154,4564,0,1401,0,1,0,98903,1,1.0984356197352587,0.3371841155234657,97502,0
7499,2389,0,19643,4,1,0,13653,1,0.31853333333333333,2.619066666666667,-5990,0
9295,12593,1,15193,5,1,0,98579,1,1.3546686746987953,1.6343588640275388,83386,0
15183,8274,0,26853,5,0,1,81669,0,0.5449157007376185,1.7685063224446786,54816,0
15874,13513,0,44864,4,1,0,34339,0,0.8512125984251968,2.8260787401574805,-10525,0
8539,1824,0,20307,2,0,0,20757,0,0.2135831381733021,2.3778688524590166,450,0
12637,3265,1,36982,4,0,1,98376,0,0.25834783984807724,2.926254154138313,61394,1
18586,1936,0,19611,7,1,0,37399,1,0.10415882068112121,1.0550922687900146,17788,0
5557,11992,1,43791,1,1,0,39013,0,2.157610651313422,7.8789132781576106,-4778,1
8592,11745,0,11950,5,1,0,92605,0,1.3668101943442337,1.3906668218317235,80655,0
19482,7402,0,10704,8,1,0,9706,0,0.3799209567315095,0.5494020428065493,-998,0
5200,4845,0,43111,7,0,0,33231,1,0.93155162468756,8.288982887906172,-9880,1
17172,2796,0,11867,7,1,0,22909,1,0.1628137192103884,0.6910266115413731,11042,0
5961,9245,0,2745,7,1,1,71631,0,1.5506541429050653,0.4604159677960416,68886,1
17207,8214,0,3866,6,0,0,52572,1,0.47733612273361226,0.22466294746629475,48706,0
14969,1726,0,32245,7,1,0,80879,1,0.11529726118904475,2.1539746158984636,48634,0
5869,3736,0,44724,5,0,0,58767,1,0.6364565587734242,7.6190800681431,14043,1
16992,14832,0,5818,1,1,0,21469,0,0.8728299888189255,0.3423762725828282,15651,0
8699,12362,0,48861,1,0,0,-3687,1,1.420919540229885,5.6162068965517244,-52548,1
6987,14331,0,30116,7,0,0,2847,1,2.0508013737836293,4.309673726388094,-27269,1
16446,2913,0,15493,0,0,1,45222,1,0.1771143673618289,0.9419955006992157,29729,0
4218,10788,0,28038,5,0,1,69702,0,2.5570040293908507,6.645650628110927,41664,0
7735,11106,1,20447,5,1,0,4930,0,1.4356256463288521,2.6430972078593586,-15517,0
14296,8657,0,30431,3,1,0,-1715,0,0.6055116457998182,2.128488494089669,-32146,1
7555,3466,1,17908,9,0,0,30863,0,0.4587083112758073,2.370037056643727,12955,0
12146,11929,0,29336,2,0,0,11704,0,0.9820531818556022,2.415081913229604,-17632,0
11050,10041,0,40992,2,1,1,13705,1,0.9086055560582753,3.709347570355624,-27287,0
15757,11301,0,4025,0,1,0,-4445,1,0.7171595380124381,0.2554258154588146,-8470,0
9893,8312,0,20093,2,1,0,16323,1,0.8401051142106327,2.0308267636951687,-3770,0
17373,9194,0,6155,3,1,0,65968,1,0.5291815356279498,0.35426499366870035,59813,0
17565,13447,0,46607,4,1,0,61922,1,0.7655129226915632,2.653250597745645,15315,0
6436,8906,0,33487,2,0,0,48915,0,1.383563771943452,5.202268137331055,15428,0
11754,13261,1,47658,5,1,1,5619,0,1.1281156954487452,4.05427477669077,-42039,1
13677,5876,0,20963,4,1,0,67390,0,0.4295949700248574,1.532607106302091,46427,0
8895,8287,1,20936,2,0,0,54274,0,0.9315422661870504,2.3534172661870505,33338,0
19609,1892,0,4426,5,0,0,68173,1,0.09648138704742479,0.22570117287098418,63747,0
18636,11222,0,23303,5,0,0,16225,1,0.6021355368353276,1.250362182754735,-7078,0
10022,12352,0,45280,7,0,1,21739,0,1.2323655592138083,4.517609498154245,-23541,1
12151,11568,1,27606,1,1,1,42708,0,0.9519420671494404,2.271724818959842,15102,0
8600,5675,1,47832,0,0,0,48019,1,0.6598069991861412,5.561213812347401,187,1
10996,2933,0,28151,3,0,0,71154,0,0.26670910248249524,2.5598799672637993,43003,0
12007,2380,1,13767,6,1,1,97097,0,0.19820119920053297,1.1464856762158562,83330,0
15946,12873,1,11308,9,0,1,2373,0,0.8072364708095566,0.709098890073368,-8935,0
7642,2290,1,44245,2,0,1,30281,0,0.29962056783985347,5.788957215752976,-13964,1
14312,2640,0,45671,2,1,0,15187,1,0.18444770488367218,3.1908754279326486,-30484,0
10679,14239,0,24770,4,1,1,62863,1,1.3332397003745318,2.3192883895131087,38093,0
11208,8490,0,28572,4,1,0,92927,0,0.7574270675350165,2.549023106432331,64355,0
13716,11874,1,41448,9,1,0,79085,1,0.8656411751840781,3.021651964715317,37637,1
6444,10179,0,2204,2,1,0,34220,0,1.5793638479441428,0.34197051978277737,32016,0
13757,2218,0,27233,8,0,1,2642,0,0.16121529292048262,1.9794301497310656,-24591,0
17434,6016,0,21729,3,1,0,74971,1,0.3450530542013192,1.246286205907657,53242,0
4060,7881,1,31131,2,0,1,50556,0,1.9406550110810146,7.665845850775671,19425,1
6420,10547,1,33870,1,0,0,28760,0,1.6425790375330946,5.274879302289363,-5110,1
3301,13457,1,38011,9,0,0,33192,1,4.075408843125379,11.511508176862508,-4819,1
15468,13808,0,39382,8,0,0,-619,0,0.8926239575926046,2.5458659253991853,-40001,1
19990,14774,0,49067,3,1,0,91583,0,0.7390325646540944,2.454454504527037,42516,0
3699,13327,1,41475,2,1,0,14558,0,3.601891891891892,11.20945945945946,-26917,1
3190,10752,1,46681,6,0,0,25782,1,3.3694766530868066,14.628956439987464,-20899,1
13492,10610,1,21607,7,0,0,-218,0,0.786333654487512,1.6013488475505817,-21825,1
5975,1954,0,24968,1,0,0,86417,0,0.32697456492637217,4.178045515394913,61449,0
9102,10175,1,33398,6,1,0,49712,1,1.1177633747116336,3.668900362517851,16314,1
4816,8291,0,11908,4,0,0,89945,1,1.721195764998962,2.4720780568818768,78037,0
3569,1974,0,26423,4,1,0,14462,0,0.5529411764705883,7.40140056022409,-11961,0
8442,5133,0,43615,2,0,0,55030,1,0.6079592561885586,5.165817837261637,11415,0
4895,6370,1,9171,4,0,0,63519,0,1.301062091503268,1.8731617647058822,54348,1
6863,4972,1,12721,1,1,0,51411,0,0.7243589743589743,1.8532925407925407,38690,0
15913,6295,0,49429,3,0,0,50206,0,0.39556365464370996,3.106007289179339,777,0
10455,14913,0,16616,5,1,0,92469,1,1.4262624330527927,1.5891354246365723,75853,0
7014,10105,0,42512,0,1,1,41950,0,1.4404846756949394,6.06015680684248,-562,0
14093,13741,0,38458,9,0,0,-2477,1,0.9749538810841493,2.7286788704413225,-40935,1
6009,9228,1,46169,3,0,0,55926,0,1.5354409317803661,7.682029950083194,9757,1
19538,12579,0,7659,5,0,0,4677,0,0.6437893443881468,0.3919852602487333,-2982,0
13729,10903,0,43369,8,0,0,70828,0,0.7941005098324836,3.1587035688273852,27459,0
4409,4020,1,11704,1,1,0,10089,0,0.9115646258503401,2.653968253968254,-1615,1
15249,9987,0,32793,6,0,1,-419,0,0.6548852459016393,2.150360655737705,-33212,1
3784,5036,0,48152,5,0,0,6907,1,1.3305151915455746,12.721796565389695,-41245,1
11096,6068,0,46473,1,1,1,609,0,0.5468144543570335,4.187888618545553,-45864,0
10560,13880,0,31226,7,0,1,46153,0,1.3142694820566234,2.9567275826152826,14927,1
15533,6233,0,23852,6,1,0,45539,1,0.4012488734389082,1.535470580661774,21687,0
10343,12303,0,32082,4,0,0,39143,1,1.189385150812065,3.101508120649652,7061,0
10206,10516,1,22794,4,1,0,17936,0,1.0302733418242382,2.233173312432644,-4858,0
8801,1317,0,41420,6,1,0,45182,1,0.1496250852079073,4.705748693478755,3762,0
19921,3396,0,13379,8,1,1,94524,0,0.17046481276980222,0.6715691195663086,81145,0
8986,3162,1,7006,8,0,0,90042,0,0.3518415489039724,0.7795704907088016,83036,0
13647,3745,0,8682,8,1,0,8163,1,0.2743991793669402,0.636137162954279,-519,0
11716,14634,0,33840,5,1,0,54758,0,1.2489545105402406,2.8881112912861653,20918,0
15323,2591,0,32430,9,0,0,41057,1,0.1690811798486035,2.11628817541112,8627,0
7780,12303,0,23091,5,0,0,7537,0,1.5811592340316154,2.9676134172985478,-15554,0
5368,7183,0,32983,2,1,0,17419,0,1.3378655243062023,6.143229651704228,-15564,1
15039,4930,1,23989,0,1,1,37578,0,0.32779255319148937,1.5950132978723404,13589,0
9655,11188,1,9915,6,1,0,69991,0,1.1586578293289147,1.0268227009113504,60076,1
11173,2312,1,42552,3,1,0,69599,0,0.2069088956506175,3.8081260068015035,27047,1
7495,10477,0,18990,0,0,1,-4166,0,1.3976787620064035,2.533351120597652,-23156,0
13893,5311,0,24734,7,0,1,27214,1,0.38225133151000434,1.7801928890168417,2480,0
16403,8314,1,14824,5,0,0,87934,1,0.5068276030236528,0.9036820287734699,73110,0
16121,3383,0,36081,5,1,0,95028,0,0.20983748914526734,2.2379977670264237,58947,0
13966,4239,0,11033,1,0,1,-2587,0,0.30350110975871697,0.7899334144769815,-13620,0
3853,3139,0,42736,0,0,0,4505,0,0.8144784639335755,11.088738972496108,-38231,1
19958,2704,0,16241,1,0,0,97802,0,0.13547772934515756,0.8137181221504083,81561,0
12907,7924,1,5939,3,0,0,-2895,1,0.613882863340564,0.4601022621629997,-8834,1
7777,1362,0,47464,1,0,0,63104,0,0.17510928259192596,6.102339933144767,15640,0
18338,3604,0,47562,0,0,0,53408,0,0.19652107530399696,2.5934892851300506,5846,0
5491,10908,0,35063,6,1,0,32679,1,1.9861616897305172,6.384377276037873,-2384,1
18328,14481,0,34464,7,0,0,94096,1,0.7900594686016695,1.880298979758852,59632,0
17599,13643,0,11185,5,0,0,74731,0,0.7751704545454545,0.6355113636363636,63546,0
6051,5286,0,27045,3,0,0,60131,1,0.8734302709847984,4.468770654329147,33086,0
18979,4738,1,44769,5,1,1,59280,1,0.24963119072708115,2.3587460484720757,14511,1
19388,3469,0,47118,2,0,0,10762,1,0.1789158801382227,2.4301408014853783,-36356,0
3876,5795,0,19167,7,0,0,53703,0,1.4947124064998711,4.943770956925458,34536,1
7142,7150,0,36412,9,1,0,76434,0,1.000979980400392,5.097578048439031,40022,1
18202,1556,1,21625,1,1,0,58079,0,0.08548041531615667,1.1879909904960722,36454,0
9966,10017,1,39188,4,0,0,16577,0,1.0050165546302798,3.931774857028193,-22611,1
10079,3808,1,27076,0,0,0,-3786,1,0.37777777777777777,2.686111111111111,-30862,1
10987,6150,0,44605,5,0,0,81339,0,0.5597014925373134,4.059428467419003,36734,0
9799,13713,0,19029,1,1,0,43114,1,1.3992857142857142,1.941734693877551,24085,0
7465,8561,1,22973,3,0,0,84234,1,1.1466648807929278,3.0770158049825875,61261,0
16417,3719,0,39121,5,1,0,58230,0,0.22651967352905347,2.3828115483006456,19109,0
11311,7506,0,31433,9,1,0,27980,0,0.6635431400282885,2.7787305516265914,-3453,0
17098,12700,0,43309,7,1,0,62194,1,0.7427334931867361,2.532838177671209,18885,0
8177,4741,0,1932,7,1,1,72806,1,0.5797260943996088,0.23624358033749082,70874,0
17262,10766,0,44254,5,1,0,32792,0,0.6236459479812315,2.563517349244048,-11462,0
11308,4998,0,1757,3,1,0,40807,1,0.4419488902643912,0.15536298523300027,39050,0
8949,11321,1,30722,7,1,0,17301,1,1.2649162011173185,3.4326256983240224,-13421,1
4150,3403,0,37853,7,1,0,141,1,0.8198024572392195,9.11900746807998,-37712,1
4931,12521,0,38405,9,0,0,99292,1,2.5387266828872668,7.7869018653690185,60887,1
12204,9780,0,1116,0,1,0,8777,0,0.8013109381401066,0.09143793527242933,7661,0
4081,11204,0,43527,3,1,0,33346,1,2.744732974032337,10.663155316021559,-10181,1
19896,10739,0,11691,3,0,0,49703,1,0.5397296074785144,0.5875760164848972,38012,0
16407,1294,1,492,6,1,0,89977,0,0.07886396879570941,0.02998537298878596,89485,0
10805,11177,0,27882,6,0,0,42819,0,1.0343327780862484,2.58023320377568,14937,0
8237,6343,1,8811,7,1,0,23469,1,0.7699684389414907,1.0695557174071377,14658,0
19943,14836,1,27808,4,1,0,-1155,1,0.7438828720417168,1.3943040513437626,-28963,1
15775,12309,0,24272,6,0,0,18290,1,0.7802358012170385,1.5385395537525355,-5982,0
19244,10882,0,28399,7,0,1,25699,0,0.5654455702779942,1.4756560145492337,-2700,0
16184,2136,1,6474,8,0,0,39252,0,0.1319740500463392,0.4,32778,0
6343,14544,0,26956,2,0,0,93682,0,2.292559899117276,4.249054224464061,66726,0
16500,3064,0,47153,2,0,0,-1707,0,0.18568571601721107,2.8575843888249195,-48860,1
12662,13647,1,42506,3,1,0,52089,0,1.0777067045723763,3.3567085208876253,9583,1
19964,8009,0,13979,4,1,0,11608,0,0.40115201602804906,0.700175306786877,-2371,0
18125,13987,0,44523,9,1,0,61273,0,0.7716539777115745,2.4563058589870903,16750,0
11130,5543,0,42565,0,1,1,11619,1,0.4979786182732908,3.82400503099452,-30946,0
4679,13962,1,28328,6,0,0,73006,0,2.9833333333333334,6.052991452991453,44678,1
6506,2007,0,47375,8,0,0,82908,1,0.3084370677731674,7.280620869832488,35533,0
16284,6445,0,12867,7,1,0,76653,1,0.3957629720601781,0.7901136014737489,63786,0
10253,11706,0,25851,4,0,0,9779,0,1.141603276770041,2.521064950263312,-16072,0
12435,12718,1,31279,3,0,0,46040,1,1.022676101640399,2.515197812801544,14761,1
14310,13873,0,30527,6,1,1,89830,0,0.9693941723150025,2.133114387534065,59303,0
16296,6352,1,7866,4,1,0,51325,0,0.38976498742099774,0.4826655212615819,43459,0
16245,10439,0,15449,6,1,0,16630,0,0.6425581681644712,0.9509417702819155,1181,0
14151,14281,1,10685,0,1,0,7178,0,1.0091153193894855,0.7550169587337479,-3507,0
13457,13094,0,23544,0,1,0,14935,1,0.9729528904740675,1.7494427106553723,-8609,0
5479,2435,0,5451,9,0,0,42258,0,0.4443430656934307,0.9947080291970803,36807,0
7452,1571,0,21642,2,1,0,17784,0,0.21078760230779553,2.9037971286730175,-3858,0
8881,3382,1,41316,1,1,0,58722,0,0.38077009682503943,4.651655032650304,17406,1
17069,10437,0,39954,1,0,0,18027,0,0.6114235500878734,2.340597539543058,-21927,0
5849,11276,0,38870,6,0,0,91544,1,1.9275213675213676,6.644444444444445,52674,1
10390,6084,0,31030,9,0,0,52853,0,0.5855066884804158,2.986238090655375,21823,0
14922,1277,0,30873,1,1,0,62359,1,0.08557260604436105,2.068819942370837,31486,0
5489,14507,0,619,3,1,0,67388,0,2.642440801457195,0.1127504553734062,66769,0
12823,8059,0,33650,1,0,0,73608,1,0.6284310667498441,2.623986275733001,39958,0
12207,2887,0,25372,5,1,0,71669,0,0.23648427260812582,2.0783093053735255,46297,0
12540,13771,0,3642,7,1,0,10111,1,1.0980783031656167,0.2904074635196555,6469,0
19364,2265,0,28001,9,0,0,27312,1,0.11696359411309062,1.4459592047508392,-689,0
7611,8491,0,34064,3,0,1,19161,0,1.1154755648975303,4.4750394114555965,-14903,0
8878,14018,0,29290,4,1,1,99823,0,1.57878139430116,3.298794909336637,70533,0
19347,2040,1,14122,3,1,0,62313,0,0.10543725449658879,0.7298945627455035,48191,0
3851,10109,0,24820,2,1,0,45374,0,2.6243509865005192,6.443406022845275,20554,0
9833,9073,0,2895,4,1,0,19014,0,0.9226154159040065,0.2943868212324588,16119,0
14938,10077,0,5366,8,1,0,75308,0,0.6745431421112524,0.3591940558270299,69942,0
5427,3752,1,8711,7,1,0,41389,1,0.6912306558585114,1.6048268238761976,32678,1
7000,9213,0,19596,7,1,1,13161,0,1.3159548635909155,2.7990287101842592,-6435,0
8052,5569,0,18793,7,0,0,2490,1,0.6915435241524898,2.3336644728672544,-16303,0
5738,12383,0,8199,7,0,0,19502,0,2.1576929778707092,1.4286461055933088,11303,1
8387,7353,1,10717,6,0,0,30757,0,0.8766094420600858,1.277658559847401,20040,0
11002,3353,0,36191,7,1,0,36111,0,0.3047350722530219,3.2891938562210306,-80,0
8536,8437,0,10211,7,1,0,93273,0,0.9882862832376713,1.1960876186013822,83062,0
16479,5799,0,45550,7,1,0,78245,0,0.35188106796116503,2.7639563106796117,32695,0
6913,1686,0,23360,9,1,0,53645,0,0.24385305177899913,3.3786520104136533,30285,0
13636,9476,0,21542,6,1,0,54055,1,0.6948742392021706,1.5796729485957322,32513,0
8726,5811,0,31312,0,0,0,3998,0,0.6658645582674458,3.587945456628853,-27314,0
6373,12939,1,45242,3,0,0,23906,1,2.0299654847819264,7.097897709444619,-21336,1
15161,9954,0,36435,3,0,1,96026,0,0.6565096952908587,2.403047091412742,59591,0
5082,6346,0,28247,4,1,0,65192,1,1.248475309856384,5.557151288609089,36945,0
19281,6043,1,22357,9,0,1,45477,1,0.31340109947100925,1.1594751581786122,23120,0
18305,3428,1,41045,5,1,0,31901,1,0.18726100732000436,2.242161040096143,-9144,1
12817,11699,0,27691,3,1,0,86271,0,0.9127008893743174,2.1603214229989076,58580,0
14261,6126,0,12424,1,1,0,47021,0,0.4295330248212032,0.8711260692749965,34597,0
3417,9220,0,18852,5,0,0,24092,1,2.697483908718549,5.515506143943827,5240,0
11808,10098,0,22601,7,0,1,-3758,0,0.855110508933864,1.9138792446439157,-26359,0
6267,12296,0,18020,7,1,0,-3169,1,1.9617102744097001,2.8749202297383536,-21189,1
8745,8813,0,8155,6,0,0,45721,0,1.0076606448662246,0.9324262520009147,37566,0
14338,13191,1,3583,5,0,0,23511,0,0.9199386289141502,0.2498779552270033,19928,0
3412,12186,0,15515,1,1,1,67782,0,3.5704658658072077,4.545854087313214,52267,0
10543,11698,0,36777,6,1,0,92003,0,1.1094461305007588,3.487955235204856,55226,1
10587,13857,1,19710,4,1,1,13302,1,1.3087457499055535,1.8615413675859465,-6408,0
3728,12801,1,43178,5,0,1,50568,0,3.4328238133547866,11.578975596674711,7390,1
14657,12745,0,24532,9,1,0,-1768,0,0.869491062900805,1.6736253240551235,-26300,0
8988,10645,0,18601,7,0,0,97062,0,1.1842251640894426,2.0693069306930694,78461,0
5967,14025,0,4967,7,1,0,99301,0,2.350033512064343,0.8322721179624665,94334,1
17527,4356,0,18753,2,0,1,46507,1,0.24851665905979006,1.069888178913738,27754,0
19048,9707,0,20022,6,1,0,71508,0,0.5095805554097328,1.0510787967872328,51486,0
8073,8266,0,43463,0,0,0,95128,0,1.0237800346792172,5.383081496160515,51665,0
8104,7540,0,9135,0,0,0,5683,1,0.9302899444787168,1.1270820481184454,-3452,0
5143,1038,0,5722,6,0,0,18664,1,0.20178849144634525,1.1123639191290824,12942,0
10357,4342,1,27413,9,0,0,97364,1,0.41919289438115465,2.6465533886850743,69951,0
15043,10078,0,27236,8,1,0,28172,0,0.6699016219090668,1.8104227599042808,936,0
6440,3844,0,15514,6,0,0,78641,0,0.5968017388604254,2.408632199968949,63127,0
8644,11396,0,43896,9,1,0,59340,1,1.3182186234817814,5.077617119722383,15444,1
13518,2098,0,37212,4,1,0,82236,1,0.1551889932687329,2.7525704563947038,45024,0
17552,8027,0,40386,7,0,0,6017,0,0.4573007463111719,2.3008032814903436,-34369,0
5914,2823,1,20331,1,1,0,31613,0,0.4772612003381234,3.437193575655114,11282,1
16584,12393,0,18060,8,0,0,81130,1,0.7472414832680133,1.0889357853482062,63070,0
15144,14998,0,1196,5,0,1,71920,1,0.9902938263453285,0.07896995708154507,70724,0
17397,14261,1,12297,8,1,0,25348,0,0.8196919186113346,0.7068053799287275,13051,0
11787,4155,1,2787,1,0,0,11448,1,0.35247709535120464,0.2364268747879199,8661,0
17191,4093,0,23816,2,1,0,4491,1,0.23807584923220101,1.385295486272685,-19325,0
3728,12722,1,40695,7,1,0,73648,0,3.411638508983642,10.91311343523733,32953,1
3698,6658,0,19702,0,1,0,91557,0,1.7999459313327926,5.326304406596377,71855,0
10186,4778,1,25242,9,0,0,53759,1,0.4690291548051438,2.4778639442426624,28517,0
17512,3896,0,2176,6,0,0,39553,1,0.22246331296750985,0.12425055672928681,37377,0
16923,12645,1,20127,6,0,0,-4032,1,0.7471637910659419,1.1892578586622549,-24159,1
19779,12703,0,41560,0,0,0,-4632,1,0.6422143579373104,2.101112234580384,-46192,1
10400,1988,0,27228,8,1,1,68960,0,0.1911354677434862,2.6178252091145082,41732,0
7171,5116,0,20208,7,1,0,30010,0,0.713329615170106,2.8176240936977135,9802,0
7360,7446,1,28482,3,0,1,49154,0,1.0115473441108545,3.869311234886564,20672,0
5502,14156,0,9171,9,1,0,30851,0,2.572415046338361,1.6665455206251136,21680,1
8486,13218,0,35219,4,1,0,20496,0,1.5574407917992223,4.14975845410628,-14723,0
11335,5179,0,33396,1,1,0,25936,1,0.45686309103740297,2.946012702893437,-7460,0
7491,2682,1,42589,8,0,0,73858,0,0.35798184730379073,5.6845969033635875,31269,1
14130,14698,1,40546,5,0,0,62005,0,1.0401245488641992,2.869294458990871,21459,1
10651,6626,0,3696,2,1,0,32493,0,0.6220428088621855,0.3469770935035674,28797,0
4167,8424,0,20058,6,1,0,64795,1,2.021113243761996,4.812380038387716,44737,1
4062,13857,0,20313,8,0,0,31390,0,3.4105340881122324,4.999507752891952,11077,1
14174,13155,0,19149,2,0,0,5292,0,0.928042328042328,1.3508994708994708,-13857,0
7729,1933,0,45740,1,1,0,87377,0,0.2500646830530401,5.917205692108667,41637,0
12348,4598,1,41075,6,0,0,23365,1,0.37233784112073853,3.3261802575107295,-17710,1
8334,12425,0,4956,6,1,0,12207,0,1.4907018596280743,0.5946010797840432,7251,0
11924,2980,1,10195,3,1,0,96735,0,0.249895178197065,0.8549266247379455,86540,0
7330,11047,0,17076,8,0,0,17912,0,1.506888555449461,2.3292865911881053,836,0
9801,4056,0,1105,7,0,0,97455,0,0.41379310344827586,0.11273209549071618,96350,0
7846,9984,0,15417,0,1,1,97517,1,1.2723333758124125,1.9646998853064865,82100,0
9731,1791,1,24729,0,0,0,75771,1,0.1840320591861899,2.5409987669543774,51042,0
18368,11001,1,46956,4,0,0,51572,1,0.5988894332843377,2.5562632696390657,4616,1
5539,6390,1,30099,5,0,0,94083,0,1.1534296028880866,5.433032490974729,63984,1
10056,7635,1,32598,2,0,0,14276,1,0.7591727155215273,3.241324450631401,-18322,1
14516,3255,1,29961,8,0,0,92459,0,0.2242198801405249,2.0638561686298824,62498,0
14493,4610,0,12602,9,1,0,534,0,0.3180626466123913,0.86946322616255,-12068,0
4542,2607,1,9256,5,1,0,87005,1,0.5738498789346247,2.037420206911732,77749,1
16964,6179,1,20584,3,1,0,96610,0,0.3642204538756263,1.213321544356027,76026,0
9313,7573,0,46980,6,1,0,30670,0,0.813077088254241,5.044019755207215,-16310,0
16807,1984,0,34681,7,0,0,57147,0,0.11803902903379343,2.0633626844359827,22466,0
12580,6776,0,25792,8,0,1,93099,0,0.5385899372068993,2.050075510690724,67307,0
11691,4676,1,21904,5,1,0,31486,0,0.399931577146767,1.8734177215189873,9582,0
10494,4380,0,43361,5,1,0,60557,1,0.4173415912339209,4.131586469747499,17196,0
7312,9711,1,34540,7,1,0,29268,0,1.327909202789553,4.7230958566935595,-5272,1
4324,9782,1,26536,4,1,1,76335,1,2.261734104046243,6.135491329479769,49799,1
6141,2050,0,19164,2,0,0,21336,0,0.3337675024422012,3.1201563008791924,2172,0
4810,14997,1,12996,2,1,0,-1359,1,3.1172313448347535,2.7013094990646436,-14355,1
9588,4633,0,2871,5,0,0,82132,0,0.48315778496193557,0.2994055688810095,79261,0
8301,7342,0,46002,1,0,0,27959,0,0.8843652132016382,5.541074439894001,-18043,0
18485,13636,0,49812,5,1,1,8306,0,0.7376392946013199,2.694579681921454,-41506,0
14714,1959,0,22626,5,1,0,41182,1,0.13312945973496432,1.5376146788990825,18556,0
7748,7059,1,10521,7,1,0,69123,0,0.910956252419667,1.3577235772357723,58602,0
12435,9884,0,43410,6,0,0,51326,0,0.794789321325185,3.4906722418784173,7916,0
6709,6655,0,1132,7,0,1,91895,0,0.9918032786885246,0.16870342771982116,90763,0
16116,13091,0,33467,8,1,0,16498,1,0.8122479369609729,2.0765030712911834,-16969,0
12576,5473,0,14534,5,0,0,65198,0,0.43515941798521107,1.1556014947920807,50664,0
13150,3946,1,23854,2,0,0,97630,0,0.3000532278914151,1.8138544597369022,73776,0
9530,8725,0,42998,9,1,1,22197,1,0.9154338474451789,4.511383905151611,-20801,0
13188,1526,1,39065,2,1,0,15719,0,0.11570247933884298,2.9619379786185456,-23346,1
17683,4224,0,45607,0,0,0,85201,0,0.23885998642840986,2.5789979642614793,39594,0
3504,11445,0,7812,4,0,0,20032,0,3.265335235378031,2.2288159771754636,12220,0
4214,12536,1,4557,3,0,0,54624,1,2.9741399762752074,1.081138790035587,50067,1
4531,13157,0,2179,8,0,0,73177,0,2.9031332744924976,0.48080317740511913,70998,1
3823,14547,1,43798,8,0,0,36964,0,3.80413179916318,11.453451882845188,-6834,1
8029,2875,0,9065,4,1,1,25028,0,0.3580323785803238,1.1288916562889166,15963,0
16428,2763,0,8275,9,0,0,49646,0,0.1681782214377016,0.5036825126301053,41371,0
19517,9712,0,47857,3,0,1,76187,0,0.497591966389999,2.451941797315299,28330,0
5105,6797,0,35948,6,0,0,3536,0,1.3311790050920487,7.040344692518605,-32412,1
6627,10208,0,20700,5,1,0,51747,1,1.540132770066385,3.1231140615570308,31047,0
15972,8099,1,39464,3,1,0,40712,0,0.5070431352908032,2.4706692543667437,1248,1
4852,6109,1,42351,9,1,1,1273,0,1.2588089841335257,8.726766948279415,-41078,1
7910,7644,1,27794,1,1,0,66820,1,0.9662495259764884,3.5133358614587284,39026,0
14003,1116,1,28783,0,1,0,86228,1,0.07969151670951156,2.0553413310482718,57445,0
16843,3433,0,16998,3,0,1,69353,0,0.20381144621230113,1.0091427214438375,52355,0
14704,6463,0,13869,3,0,1,89491,0,0.43951037062223736,0.9431485889153349,75622,0
18761,1583,0,44525,0,1,1,87091,1,0.08437266815904487,2.37314785204136,42566,0
9190,9586,1,28152,5,0,0,80914,0,1.042976825155043,3.062996409531063,52762,0
8645,14375,0,20954,3,1,0,45830,1,1.662618551931529,2.4235484617164005,24876,0
12588,4788,0,31555,0,1,0,12127,0,0.38033203590436093,2.5065533402176503,-19428,0
14829,11960,1,16654,0,1,1,78488,0,0.8064733648010789,1.122993931220499,61834,0
11053,5167,0,45026,0,0,0,6539,0,0.4674326035824136,4.073276641939569,-38487,0
6330,13052,0,35236,7,1,0,41761,1,2.0616016427104724,5.565629442426157,6525,1
11662,9465,1,46976,9,1,0,41219,0,0.811540769956272,4.027780159478693,-5757,1
10114,11205,0,15042,7,1,0,9692,1,1.1077607513593672,1.4870983687592685,-5350,0
16323,14631,0,25966,1,0,1,78656,0,0.8962876745895614,1.590664052928204,52690,0
4353,13625,1,48407,6,1,1,8334,0,3.1293063849333946,11.117822691777675,-40073,1
13975,2389,0,44314,7,0,1,23615,0,0.17093589009730967,3.1707212364052664,-20699,0
14023,12758,0,45095,7,0,0,2903,1,0.9097261836851113,3.215559041642898,-42192,0
3667,13894,0,14270,9,0,1,23527,0,3.787895310796074,3.8904034896401307,9257,1
12337,9357,0,30908,6,0,0,10629,0,0.7583887177824606,2.505106176041498,-20279,0
16659,10759,0,15523,4,1,0,53008,1,0.6457983193277311,0.9317527010804322,37485,0
6719,7154,0,47068,0,1,0,78276,0,1.0645833333333334,7.004166666666666,31208,0
10483,6420,0,19991,8,0,0,94318,0,0.6123616940099199,1.906810377718428,74327,0
3539,9920,1,10775,6,1,0,21708,0,2.8022598870056497,3.0437853107344632,10933,1
7964,3043,0,12265,1,0,0,5860,0,0.38204645323289393,1.5398618957940993,-6405,0
7835,5197,0,19459,5,0,1,12438,0,0.6632210311383359,2.4832822868810616,-7021,0
9042,4496,0,16673,1,0,0,62300,1,0.4971801393342917,1.8437465442883998,45627,0
17837,14703,1,27056,0,0,0,66545,0,0.824251597712748,1.5167619688305864,39489,0
10312,1778,0,6614,6,0,0,15842,0,0.1724037622418307,0.6413264811403083,9228,0
8320,1213,1,36020,1,0,0,55213,1,0.14577574810719865,4.328806633818051,19193,1
16216,4762,1,7415,1,1,0,37372,0,0.29364247394709253,0.4572362335820435,29957,0
5779,14399,1,23155,4,0,0,93971,0,2.4911764705882353,4.006055363321799,70816,1
4581,10768,0,49430,4,1,0,63906,0,2.3500654735923177,10.787865560890442,14476,1
15677,11640,0,43884,6,1,0,33744,1,0.7424416379640261,2.799081515499426,-10140,0
8713,7731,0,16964,0,0,1,52442,1,0.8871930227220565,1.9467523525361488,35478,0
19639,12128,1,37726,7,1,0,80990,0,0.6175152749490835,1.9208757637474543,43264,1
7804,4117,0,37044,2,1,0,98903,1,0.5274823830877643,4.7461883408071746,61859,0
13136,6791,0,37544,3,1,0,-1350,0,0.5169368957905154,2.8578823171195857,-38894,1
3009,9783,0,49976,8,0,0,40117,1,3.2501661129568107,16.603322259136213,-9859,1
8124,14621,1,32252,3,0,0,86244,1,1.7995076923076923,3.969476923076923,53992,1
4015,14397,0,3832,9,0,1,47772,0,3.584910358565737,0.954183266932271,43940,1
5193,3720,0,25275,4,1,0,-1810,1,0.7162110127069696,4.866191759722757,-27085,1
11415,9905,0,14901,6,0,0,43113,0,0.8676419060967063,1.3052733006306938,28212,0
16550,10127,1,38213,3,0,0,3789,0,0.6118663524862546,2.3088030934686725,-34424,1
17512,7047,1,34148,0,1,1,27125,1,0.4023867983783475,1.9498658139667675,-7023,1
7158,13529,0,42633,8,1,0,93695,1,1.889789076686688,5.955161335382036,51062,1
9970,9032,0,22918,3,1,0,12459,0,0.9058268980042122,2.298465550095276,-10459,0
9938,1001,0,46694,8,0,0,30418,1,0.1007143575812456,4.698058154743938,-16276,0
16772,7368,0,19540,5,0,0,42085,0,0.43927741012341265,1.1649675073034043,22545,0
13344,12040,1,11580,0,0,1,13768,0,0.9022105657549644,0.8677407268639941,2188,0
10266,13236,0,38402,2,1,0,44961,0,1.2891789227622479,3.7403331060679847,6559,0
11702,2949,0,38578,1,0,0,76099,0,0.2519866700845937,3.2964197214389475,37521,0
3384,7732,0,24917,8,0,0,22885,0,2.284194977843427,7.3610044313146235,-2032,1
3404,8833,0,22318,0,0,0,82421,0,2.5941262848751836,6.554478707782673,60103,0
11175,1917,0,10179,8,0,1,56082,1,0.17152827487473157,0.9107909806728705,45903,0
18158,4174,1,12251,8,1,0,1895,1,0.22985847238284046,0.6746516878682747,-10356,0
15763,11433,0,45899,7,1,0,45311,1,0.7252600862725197,2.911634103019538,-588,0
12860,8014,1,19493,7,0,0,84494,0,0.6231241738589535,1.5156675219656326,65001,0
8989,1089,0,20466,0,0,0,62067,0,0.12113459399332592,2.2765294771968856,41601,0
18106,2709,0,30206,7,0,0,66017,0,0.14961064781576186,1.6681946208648588,35811,0
6636,11361,0,45475,9,1,0,18932,1,1.711767364773241,6.851740244086184,-26543,1
13916,13430,0,19624,2,0,1,16360,0,0.965006826183804,1.4100740102033484,-3264,0
7809,4041,0,26564,6,1,0,49847,0,0.5174135723431498,3.401280409731114,23283,0
16456,1105,0,22412,0,1,0,85365,1,0.06714468007534788,1.3618520994105852,62953,0
18444,10078,0,27990,0,0,0,80468,0,0.5463811330984006,1.5174844131200866,52478,0
8997,9619,1,35517,9,0,0,33931,1,1.069015336741498,3.9472104912202712,-1586,1
5048,14616,0,13156,4,1,0,50823,0,2.894830659536542,2.605664488017429,37667,0
15338,2895,0,23064,4,1,0,33032,1,0.18873459808331702,1.5036182280461567,9968,0
7544,7090,0,25711,7,1,0,76426,0,0.9396951623591783,3.407687210072896,50715,0
7976,9508,0,30106,6,1,0,13807,0,1.1919267895198695,3.774100539049768,-16299,1
15775,7082,0,16589,7,0,0,6767,0,0.44890973630831643,1.0515339756592292,-9822,0
13015,1634,1,23736,5,0,1,3071,0,0.1255377996312231,1.82360172095882,-20665,0
6419,2925,0,20975,5,1,0,48413,0,0.45560747663551404,3.2671339563862927,27438,0
17430,3056,1,36218,1,0,1,21149,0,0.17531983248235902,2.0777924387585336,-15069,1
10239,7917,1,7214,5,0,0,10540,0,0.77314453125,0.7044921875,3326,0
17489,4144,1,30581,4,0,0,96212,1,0.2369353916523728,1.7484848484848485,65631,1
19633,11462,0,20195,2,1,0,65248,0,0.5837832331669552,1.0285728837730468,45053,0
13357,10631,0,44582,5,0,0,86737,1,0.7958526725557719,3.3374756700104804,42155,0
7363,1552,1,27127,7,1,0,80435,1,0.21075502444323738,3.683731667571972,53308,0
13176,9907,0,5141,8,1,1,14787,0,0.7518403278439706,0.3901495029217576,9646,0
11427,6383,0,28884,0,1,0,15982,0,0.5585404270213511,2.5274763738186907,-12902,0
11580,4911,1,24885,2,1,0,17606,1,0.4240566445039288,2.1487781711423883,-7279,0
7858,10905,0,2708,2,1,0,5150,0,1.3875811171904822,0.3445731009034228,2442,0
13040,4389,0,18375,7,1,0,80929,0,0.3365539452495974,1.4090177133655395,62554,0
18254,10299,0,15088,0,1,0,97795,0,0.5641741988496303,0.8265132840317722,82707,0
14470,14629,0,44602,4,0,0,41936,1,1.0109183885011401,3.082164328657315,-2666,0
4252,13398,0,45046,2,0,0,88286,0,3.150246884552081,10.591582412414766,43240,1
9996,9442,0,10014,1,1,0,3593,1,0.9444833450035011,1.0017005101530458,-6421,0
15173,3430,0,3273,7,0,1,12358,0,0.22604454988796627,0.21569790431000396,9085,0
7673,11246,0,47135,2,0,1,77143,1,1.4654678133958823,6.142168360698462,30008,0
18781,1458,1,37306,6,0,0,32381,1,0.07762751570652753,1.9862634437227131,-4925,1
16051,14395,0,30881,0,1,0,85347,0,0.8967729877896835,1.923810117119362,54466,0
9881,1207,0,31486,5,0,0,23074,0,0.12214126695001012,3.1861971260878366,-8412,0
9949,1899,1,12541,2,0,1,15595,1,0.19085427135678393,1.2604020100502513,3054,0
12521,12653,1,8712,7,0,0,39194,1,1.0104615876058138,0.6957355055103018,30482,1
11017,12577,0,9168,5,1,0,44377,0,1.1414957342530405,0.8320929388273733,35209,0
9941,1021,0,3551,1,0,0,21853,1,0.10269563468115067,0.3571715952524643,18302,0
13209,9601,0,12297,5,0,0,68719,0,0.7267978803936411,0.930885692657078,56422,0
12550,1894,0,43733,6,0,1,15661,1,0.15090431041351288,3.4844235519082143,-28072,0
7637,1514,1,27128,4,1,0,45493,1,0.1982194291699398,3.5517151086671905,18365,0
7854,8294,0,2832,2,1,0,31495,1,1.0558879694462127,0.3605346912794398,28663,0
13320,5904,1,28483,3,0,1,8703,0,0.44320996922152994,2.138202837624803,-19780,0
7892,8867,0,22063,3,0,1,48080,1,1.12340048143925,2.795261624223996,26017,0
10043,14161,0,22963,5,1,1,25815,1,1.4098964555953803,2.286240541616886,2852,0
19521,5109,0,13422,9,0,1,24565,0,0.2617047433664584,0.6875320151623809,11143,0
7164,14258,0,32920,0,1,0,58321,0,1.9899511514305652,4.594556873691556,25401,0
10941,8179,0,11156,3,0,0,53453,1,0.7474867483092671,1.019557667702431,42297,0
17388,11326,0,11108,9,0,1,83478,0,0.6513313013974351,0.6387946402898385,72370,0
8569,12787,0,31845,3,0,1,28161,0,1.4920653442240372,3.7158693115519252,-3684,0
7300,12148,0,2800,9,0,0,50991,1,1.663881660046569,0.3835091083413231,48191,0
9269,2560,0,38078,0,1,0,4716,1,0.2761596548004315,4.107659115426106,-33362,0
6818,14612,0,42712,8,0,0,28349,0,2.1428361929901745,6.263675025663587,-14363,1
15015,2266,0,2610,3,1,0,42098,0,0.15090570058604155,0.17381459776238678,39488,0
15234,11361,0,12067,6,0,0,-4868,0,0.7457170987856908,0.792057761732852,-16935,0
9254,4638,1,33872,2,0,0,46990,1,0.5011345218800648,3.6598595353862775,13118,1
10350,9941,0,10728,9,0,1,63921,1,0.9603903004540624,1.036421601777606,53193,0
18183,4427,0,29566,2,1,0,31538,0,0.2434557853057633,1.6259348878134623,1972,0
9238,5780,1,29783,7,0,0,95572,1,0.6256088321246889,3.2236172745968177,65789,0
9090,2927,1,20583,7,1,0,94279,0,0.32196678033219667,2.264107358926411,73696,0
14637,12996,1,20238,0,1,0,2213,0,0.8878262057658151,1.3825659243065993,-18025,0
15647,12894,0,7263,9,0,0,39223,1,0.8240030674846626,0.464148773006135,31960,0
12911,3356,0,1914,1,1,0,86655,0,0.25991325898389095,0.14823420074349442,84741,0
11472,5790,0,23749,7,0,0,63371,0,0.5046631221127865,2.0699904122722916,39622,0
6266,11527,0,19456,0,1,1,63274,0,1.8393170576033189,3.1045157172490825,43818,0
3666,1306,0,25582,7,1,1,-866,1,0.35614944095991274,6.9762748841014455,-26448,1
7188,8979,0,406,7,0,0,86428,1,1.2489915148142996,0.05647517039922103,86022,0
13161,4665,0,13689,1,0,0,34601,0,0.3544294180215773,1.0400395076736058,20912,0
14314,11181,0,32934,3,1,0,68889,1,0.7810688089416695,2.300663639538945,35955,0
15891,8057,0,33276,5,0,0,10690,0,0.5069846463629499,2.0938837150767684,-22586,0
7777,1661,0,36432,8,0,1,-3091,1,0.21355104139881717,4.6839804577012085,-39523,1
6900,5644,1,19873,7,0,1,86239,0,0.8178524851470801,2.8797275757136647,66366,0
16716,9503,0,13050,7,1,0,75032,1,0.5684632410121433,0.78064245977149,61982,0
9981,3920,0,680,6,0,0,7062,0,0.39270687237026647,0.06812262071729112,6382,0
9376,10274,0,18908,8,0,0,70386,1,1.095659592620241,2.0164231630585476,51478,0
19907,12163,1,18504,1,0,0,88237,0,0.6109604179224433,0.9294755877034359,69733,0
13160,9946,1,21644,2,1,0,29731,1,0.7557176506344503,1.6445558848111845,8087,0
17124,13322,0,37125,9,0,0,153,0,0.7779270072992701,2.167883211678832,-36972,0
19282,13732,1,1363,7,0,1,5481,1,0.71212985531297,0.07068402219571643,4118,0
13488,7236,0,42291,5,0,0,94270,0,0.5364370968937653,3.1352212914226407,51979,0
8240,7078,1,35060,9,1,0,61425,0,0.8588763499575294,4.254338065768717,26365,1
13453,14518,0,1538,8,0,0,58600,1,1.0790842872008324,0.1143154452207522,57062,0
13478,1352,0,36176,9,0,0,79981,0,0.10030417686772015,2.6838786260108316,43805,0
15394,10094,0,41520,3,1,0,66997,1,0.6556674244884703,2.6969795388113025,25477,0
7432,14643,0,25675,7,1,0,99470,0,1.9699986546481905,3.4541907708865867,73795,0
16568,13080,1,18287,9,0,1,23205,0,0.7894260365743255,1.1036876093910315,4918,0
17178,8005,1,174,2,1,0,83887,1,0.46597590080912743,0.010128645439199021,83713,0
3302,1158,0,26732,2,0,1,76542,1,0.3505903723887375,8.093248561913413,49810,0
3055,11169,0,34998,7,0,0,39149,1,3.654777486910995,11.452225130890053,4151,1
16013,1956,0,37055,4,0,1,44112,0,0.1221431247658299,2.3139128262770075,7057,0
11717,3071,0,12112,2,1,0,5940,1,0.26207543949479434,1.0336234852363884,-6172,0
11150,9595,0,39874,9,1,0,54010,0,0.8604609452067079,3.5758227961617792,14136,0
5125,13803,0,9689,0,0,0,71794,0,2.6927428794381583,1.8901677721420211,62105,0
14479,11971,0,44814,2,1,0,19485,0,0.8267265193370166,3.094889502762431,-25329,0
18745,10579,1,19555,8,0,1,84299,1,0.5643337245278993,1.0431558732529607,64744,0
19748,4453,0,33919,4,1,0,-3933,0,0.22547977112765202,1.7175046837814574,-37852,1
9809,7675,0,7619,9,1,0,15607,0,0.7823649337410805,0.7766564729867482,7988,0
7621,1955,0,6033,1,1,0,56597,0,0.256494358436106,0.7915245342429809,50564,0
18034,7295,1,41328,6,0,1,69554,1,0.4044912669808705,2.291544219573052,28226,1
16623,2712,0,4946,1,0,0,43521,1,0.1631376323387873,0.2975216554379211,38575,0
8126,5703,0,24618,3,1,0,10187,1,0.701734957548911,3.0291620524178664,-14431,0
8122,7563,0,34675,6,1,1,97911,0,0.9310599532192539,4.268743075218516,63236,0
8870,10465,0,36258,3,1,0,-1015,1,1.1796866193213842,4.08725059181603,-37273,1
4531,6631,0,18919,6,0,0,38052,0,1.4631509267431597,4.174536628420124,19133,1
11172,13003,0,4173,6,1,0,14563,1,1.1637877024970913,0.37348966257943256,10390,0
10673,11817,1,43833,0,0,0,42322,0,1.1070826306913997,4.106520517144463,-1511,1
9882,11574,0,26400,5,0,0,97842,0,1.1711018921380147,2.6712536679146006,71442,0
4906,10633,1,4769,8,0,0,56245,0,2.166904422253923,0.971876910535969,51476,1
6086,12171,0,37564,1,1,0,46514,1,1.9995071463775258,6.171184491539346,8950,0
16503,10989,0,45814,2,0,0,13608,1,0.665838584585555,2.7759331071255455,-32206,0
11152,13582,1,14211,9,1,0,99675,1,1.2177889357123644,1.2741863175827133,85464,1
8750,13201,0,23255,4,1,0,62262,1,1.5085133127642556,2.6574105816478117,39007,0
15772,14042,1,27962,8,0,0,87118,0,0.8902554999049008,1.7727762632346415,59156,0
13267,2394,0,19356,3,0,0,66327,0,0.18043412722339464,1.4588483569490502,46971,0
4062,13473,0,20306,0,1,0,52225,0,3.31602264336697,4.997784888013783,31919,0
9229,10461,0,4997,3,1,0,68994,1,1.1333694474539544,0.5413867822318527,63997,0
19509,5732,1,17376,5,0,0,12221,0,0.29379805228088157,0.8906201947719118,-5155,0
18147,14579,0,40880,4,1,1,43506,0,0.8033392109323342,2.252589817059731,2626,0
7632,4714,0,38055,0,0,0,15968,0,0.6175815537796411,4.985588890344556,-22087,0
9288,1529,0,10578,3,0,0,77606,1,0.16460329421896866,1.1387662826999676,67028,0
6596,12815,0,18624,5,1,1,22937,0,1.9425496437774745,2.8231014097316964,4313,0
14475,3958,1,39194,9,1,0,57435,0,0.27341807129041173,2.7075158883669523,18241,1
9168,8904,0,44367,9,1,0,44508,0,0.9710982658959537,4.838804667902716,141,0
12795,12106,1,389,3,0,0,36831,0,0.9460768990309472,0.030400125039074712,36442,0
10561,14081,0,33767,8,0,0,37933,1,1.333175534936565,3.1970270782048855,4166,1
11258,4591,0,45580,4,1,0,42307,1,0.40776267874589217,4.048316902033928,-3273,0
19616,11339,1,48367,7,0,1,43340,0,0.5780190650965998,2.465565580873732,-5027,1
9371,7895,1,1855,8,0,0,97951,0,0.8424029022620572,0.19793000426803245,96096,0
17369,13765,1,40893,9,1,1,81338,1,0.7924582613701785,2.354231433506045,40445,1
15910,14910,0,13794,4,0,1,38601,0,0.9370875494940607,0.8669473948840425,24807,0
10943,12561,0,35531,5,1,1,70956,0,1.1477521929824561,3.2466191520467835,35425,0
15199,10131,0,4986,0,1,0,67178,0,0.6665131578947369,0.32802631578947367,62192,0
18728,1525,1,32298,6,1,0,80311,1,0.0814245288055956,1.7244914304020502,48013,1
9738,7477,1,1481,3,1,1,23754,0,0.7677379607762604,0.1520690009241195,22273,0
18913,1001,0,3731,1,1,1,38310,0,0.05292376017764619,0.19726128793486306,34579,0
5472,1374,1,16835,4,1,0,64893,0,0.25105061209574275,3.0760095011876483,48058,1
18679,11532,0,27798,2,0,1,81799,0,0.6173447537473233,1.4881156316916488,54001,0
4761,13197,0,26113,5,0,1,43367,0,2.771314573708526,5.4836203275934485,17254,0
13167,12244,0,19477,7,0,1,8201,0,0.9298298906439855,1.4791160388821385,-11276,0
13554,5648,0,17266,6,1,0,-2261,1,0.416672814459609,1.2737735153080045,-19527,0
17277,3365,0,20792,2,1,0,8231,0,0.19475633753906701,1.2033800208357448,-12561,0
6812,2525,1,20452,7,1,0,37495,0,0.3706150007338911,3.0019081168354615,17043,0
4605,13668,1,43526,1,0,0,16168,1,2.9674337820234475,9.44984802431611,-27358,1
8622,2646,1,49079,9,0,0,27624,0,0.3068537631914647,5.691638640844253,-21455,1
9767,1013,0,41334,8,1,0,5635,0,0.10370597870597871,4.231572481572481,-35699,0
14613,5599,1,11889,3,1,0,4964,0,0.3831257698097715,0.8135349664705077,-6925,0
13589,3278,0,24335,0,0,0,22785,1,0.24120676968359087,1.7906548933039,-1550,0
16918,4155,0,11254,7,1,0,90046,0,0.2455818901826349,0.6651693362491873,78792,0
16046,9321,0,21074,6,1,1,77797,1,0.580856234810245,1.3132672773727176,56723,0
5590,4814,0,11442,4,0,0,79790,1,0.8610266499731711,2.0465033088892866,68348,0
7324,14125,1,46289,9,0,0,71928,0,1.9283276450511946,6.319317406143345,25639,1
13787,4216,0,37327,4,1,0,7336,0,0.30577313606034234,2.707209167391935,-29991,0
12111,12130,0,16199,6,1,0,72475,0,1.0014861294583883,1.3374339498018495,56276,0
8342,13120,1,7291,4,0,0,22412,1,1.5725758120580127,0.8739062687282751,15121,0
19389,11232,1,40928,7,1,1,77212,0,0.579267663744198,2.1107787519339865,36284,1
11659,9219,0,112,5,1,0,70379,1,0.7906518010291596,0.00960548885077187,70267,0
17043,3113,0,21515,4,1,0,40591,0,0.18264491903309082,1.2623210513963858,19076,0
11837,10444,0,19581,8,1,0,56750,0,0.8822436222334854,1.6540800810947796,37169,0
3117,5356,0,48692,1,1,0,85648,0,1.7177677998717127,15.616420782552918,36956,1
16917,11238,0,26500,0,0,0,91134,1,0.6642629152382078,1.566379004610474,64634,0
17309,14760,0,32026,7,1,0,30454,1,0.8526863084922011,1.8501444251877528,-1572,0
16234,6543,0,16523,2,1,0,93537,0,0.40301817061903294,1.0177394518016631,77014,0
8560,5555,0,1424,6,0,1,57672,1,0.6488727952342016,0.1663357084452751,56248,0
3846,13215,0,19552,9,0,0,22228,0,3.4351442682609825,5.08240187158825,2676,1
13954,13588,0,10808,7,0,0,9429,0,0.9737011823719097,0.7744894303117162,-1379,0
16703,8062,0,38811,5,0,0,79294,1,0.4826388888888889,2.323455459770115,40483,0
18385,4374,0,6989,9,1,0,62808,0,0.2378984009572501,0.3801261829652997,55819,0
16746,7430,0,23620,8,0,0,77886,0,0.44366155132262497,1.4104018630202424,54266,0
9469,4466,0,39029,6,1,0,48015,1,0.47159450897571276,4.121330517423442,8986,0
12333,4081,0,887,9,0,0,83074,1,0.33087400681044266,0.07191503161991243,82187,0
19608,12970,0,31802,4,1,0,63936,1,0.6614309755724412,1.6218063134275078,32134,0
15819,1629,0,19488,7,0,0,75907,0,0.1029709228824273,1.2318584070796461,56419,0
7208,1269,1,30013,1,0,0,52378,0,0.1760299625468165,4.163268137050909,22365,1
9283,11831,0,49201,6,1,1,32310,1,1.2743429556225765,5.2995476087893145,-16891,1
5048,11185,1,16402,3,0,0,96827,1,2.215290156466627,3.248564072093484,80425,1
9233,6724,0,21205,8,0,0,78683,0,0.7281784708685294,2.2964045917262292,57478,0
15941,6897,0,26049,0,0,0,63827,0,0.4326307866014302,1.6339856981558147,37778,0
15607,12083,0,12253,6,1,1,30256,0,0.7741542798564839,0.7850461301896463,18003,0
12765,14149,0,18990,5,0,0,71428,1,1.108334638884537,1.4875450415165283,52438,0
4828,4432,0,7846,7,1,0,94862,1,0.9177883619797059,1.6247670325119072,87016,0
4917,10472,0,25027,4,1,0,97994,0,2.129320862139081,5.088857259048393,72967,0
9988,7276,0,39200,0,1,0,33889,0,0.7284012413655021,3.9243167484232657,-5311,0
17594,6895,0,46220,0,1,0,46428,1,0.39187269110542766,2.626882637112816,208,0
15977,14994,1,46163,8,0,0,32207,0,0.9384153210664664,2.889160095130805,-13956,1
3009,8115,1,3765,9,1,1,45255,0,2.6960132890365447,1.2508305647840532,41490,1
19644,7656,0,15950,5,0,0,86531,0,0.3897174853652329,0.8119114278442352,70581,0
12865,11552,0,45270,9,1,0,409,1,0.8978703559769936,3.5185760920254934,-44861,0
5219,1575,1,9741,4,1,1,37438,0,0.3017241379310345,1.8660919540229886,27697,1
10041,8029,1,22742,0,1,0,90359,0,0.7995419239195379,2.2646883091017727,67617,0
8287,7099,1,24703,5,1,0,2869,0,0.8565395752895753,2.980574324324324,-21834,0
4619,10499,0,38709,5,1,0,96260,1,2.2725108225108226,8.378571428571428,57551,1
11512,4192,0,37623,2,1,0,51862,1,0.3641101363675845,3.267871102232259,14239,0
4342,4178,0,22931,7,0,0,82937,1,0.9620078286898457,5.279990789776652,60006,0
13568,7052,1,23580,0,1,1,20958,0,0.5197140540938905,1.7377846562016361,-2622,0
17231,3734,0,15166,0,1,1,71302,1,0.2166898792943361,0.8801067780872794,56136,0
6490,7116,1,29240,5,1,0,14768,0,1.0962871668464027,4.504698813742104,-14472,0
12310,11404,1,25991,9,0,0,91330,1,0.9263260498740964,2.111201364633255,65339,0
10984,11544,0,38556,0,0,0,21145,0,1.050887573964497,3.5098771051433775,-17411,0
15219,4568,1,32969,5,1,0,70622,0,0.30013140604467803,2.166162943495401,37653,1
3235,10847,1,10561,0,1,0,21442,1,3.3519777503090236,3.2635970333745363,10881,1
13161,10771,1,16901,5,1,0,76948,1,0.8183406777085549,1.2840753684850326,60047,0
4908,3203,1,40505,2,0,0,20596,1,0.6524750458341821,8.251171317987371,-19909,1
11567,2390,1,30020,7,1,0,70791,0,0.20660442600276624,2.5950899031811896,40771,1
6530,2742,0,25917,5,1,0,37406,0,0.4198438217730822,3.968305006890216,11489,0
8256,2925,0,1988,0,1,0,35524,1,0.3542448831294659,0.24076541116628317,33536,0
11162,1619,0,48209,4,1,0,18332,0,0.14503269730359222,4.3186419421302515,-29877,0
8415,2274,0,44505,7,1,1,10764,1,0.27019961977186313,5.288141634980988,-33741,0
6391,1956,1,14256,2,0,0,22563,1,0.30600750938673343,2.230287859824781,8307,0
14157,2939,0,22192,5,1,0,82675,1,0.20758581720582003,1.5674530300889957,60483,0
8951,4953,0,28230,4,0,1,31370,0,0.55328418230563,3.153485254691689,3140,0
11007,11573,1,39930,5,1,0,62,1,1.051326308139535,3.627361918604651,-39868,1
12064,1968,0,45833,9,1,1,39645,1,0.16311645254869458,3.798839618731869,-6188,0
18524,10508,1,22625,0,0,0,2244,1,0.5672334682860999,1.2213225371120109,-20381,0
3077,10235,0,32088,6,1,0,1372,1,3.325211176088369,10.42495126705653,-30716,1
10577,1281,0,14114,8,0,0,80501,0,0.12110039705048213,1.3342786916241256,66387,0
19984,12036,0,41167,1,0,1,59471,1,0.602251688766575,2.0598949211908932,18304,0
17060,7262,0,38401,9,1,0,11956,1,0.4256491413164527,2.2508059316569953,-26445,0
13535,2058,0,5755,4,0,0,35473,0,0.15203900709219859,0.42516252955082745,29718,0
12510,5293,0,10825,9,1,0,8894,1,0.42306770042362724,0.8652385900407641,-1931,0
9943,11724,1,22693,3,0,0,93918,0,1.1790024135156878,2.2820796460176993,71225,0
14954,13020,1,4117,5,1,1,64586,0,0.8706118355065195,0.27529254429956534,60469,0
10804,6178,0,24729,5,0,0,11709,1,0.571772327626099,2.2886626561776957,-13020,0
9565,7980,0,32182,1,1,0,76258,0,0.8342044741793854,3.3642065649174158,44076,0
8984,14472,0,28890,1,0,0,10210,1,1.6106844741235393,3.2153589315525877,-18680,0
7670,10200,0,29340,3,0,1,44510,0,1.3296832225263981,3.82479468126711,15170,0
12184,2229,0,1518,0,0,1,97081,0,0.1829298317603611,0.12457940090274928,95563,0
5192,10227,0,30949,8,0,1,33674,1,1.9693818601964184,5.959753514346235,2725,1
4248,5585,0,22547,6,0,0,95025,0,1.3144269239821134,5.306425041186161,72478,1
14246,9467,0,16346,6,0,0,12733,0,0.6644907699866639,1.1473292623008353,-3613,0
15790,3740,0,2600,2,1,0,15080,0,0.23684377176872903,0.1646507504274587,12480,0
6687,3289,0,46005,2,1,0,97200,0,0.4917763157894737,6.878738038277512,51195,0
7018,2239,1,29267,0,1,0,48412,0,0.31899130930331954,4.169682290924633,19145,0
14302,6370,0,36322,2,1,0,53971,1,0.44536111305320564,2.5394672446339928,17649,0
4970,1125,1,26990,2,1,0,34709,1,0.22631261315630657,5.429491048078857,7719,1
11389,13257,1,16193,3,0,1,54846,0,1.1639157155399473,1.4216856892010536,38653,0
18374,13504,1,30109,3,1,0,60480,1,0.7349115646258504,1.6385850340136054,30371,1
8788,8473,0,19233,2,0,0,47960,0,0.9640459665490955,2.188303561269769,28727,0
8408,13060,0,48021,9,1,1,98550,1,1.5530978713283388,5.710667142347485,50529,1
12446,10400,1,16194,7,1,0,36152,1,0.8355427010524624,1.3010363943118823,19958,0
3922,6342,0,34510,7,0,0,22250,1,1.6166199337241907,8.796839153708897,-12260,1
3419,8351,0,1306,0,0,0,80765,0,2.441812865497076,0.38187134502923975,79459,0
13789,7638,0,3849,6,0,0,43137,0,0.5538796229151559,0.2791153009427121,39288,0
4120,7570,1,12360,1,0,0,77011,0,1.836932783305023,2.9992720213540403,64651,1
14260,4249,0,45536,0,1,0,41412,1,0.2979454456209242,3.193043966061286,-4124,0
5336,10110,0,29231,2,0,0,38876,0,1.8943226531759416,5.47704703016676,9645,0
8373,8595,1,45800,3,1,0,89547,1,1.0263912108908526,5.469309768330547,43747,1
5243,14605,1,36963,5,1,0,68664,0,2.7850877192982457,7.048627002288329,31701,1
7612,13115,0,18689,9,1,0,45227,0,1.7227111519768816,2.454879810849862,26538,0
16946,7294,0,29084,4,1,0,27450,1,0.43040066088393225,1.7161739540921697,-1634,0
14104,7527,0,40387,3,1,0,79433,0,0.5336405529953917,2.863310882665721,39046,0
16429,6757,0,9280,7,0,0,68704,0,0.4112598904443092,0.5648204503956178,59424,0
9371,13595,0,2642,3,0,1,1861,1,1.4505975245411866,0.28190354246692273,-781,0
9359,14647,0,42137,9,1,1,56914,0,1.5648504273504273,4.5018162393162395,14777,1
10863,2969,1,14296,1,1,1,58888,0,0.27328792341678937,1.3159057437407953,44592,0
6228,11985,0,15438,2,1,0,74286,1,1.92406485792262,2.4784074490287367,58848,0
17382,1891,0,48442,5,1,0,56293,1,0.10878444457228327,2.7867456710579304,7851,0
5891,5470,0,37525,7,0,0,77524,0,0.928377460964019,6.368805159538357,39999,1
6756,8175,0,2994,7,1,0,63515,0,1.2098564451679739,0.4430960485422525,60521,0
18770,11225,0,47994,8,0,0,18524,0,0.597996910127324,2.556816365670449,-29470,0
19478,10556,1,34039,6,1,0,2065,0,0.5419169361876893,1.7474716361209508,-31974,1
5674,9320,0,1813,1,0,1,32684,0,1.6422907488986784,0.31947136563876655,30871,0
9898,10206,1,27491,7,1,0,83720,0,1.0310132336599656,2.777149206990605,56229,1
13147,10991,0,18845,6,0,0,28365,0,0.8359446303620323,1.4332978399756617,9520,0
3793,7812,1,41243,7,1,0,53876,0,2.059040590405904,10.870585134422774,12633,1
5116,8519,1,37164,2,0,0,18704,1,1.66484268125855,7.2628493257768225,-18460,1
8779,14669,0,42051,6,1,0,52857,1,1.6707289293849659,4.789407744874715,10806,1
15298,5612,1,13318,9,1,1,622,1,0.36682136087325967,0.8705144127067128,-12696,0
17153,10710,0,17200,8,0,1,78797,0,0.6243441762854145,1.0026815902996387,61597,0
14111,13373,0,82,2,0,1,88955,0,0.9476332199546486,0.005810657596371882,88873,0
13789,2198,1,1920,9,0,0,95003,1,0.15939086294416244,0.13923132704858593,93083,0
14397,13065,1,40585,5,0,0,86141,1,0.9074176969023475,2.8187942769829144,45556,1
15999,6238,0,11683,1,0,0,89707,0,0.389875,0.7301875,78024,0
3814,11666,0,11336,1,1,1,82700,1,3.057929226736566,2.9714285714285715,71364,0
19729,7089,0,15596,4,1,0,74332,0,0.3593005575266092,0.7904713634059808,58736,0
13541,12677,0,2093,4,1,0,97390,0,0.9361246492394033,0.1545561955398021,95297,0
5443,7257,0,12905,6,0,0,91856,0,1.3330271858927258,2.3704996326230714,78951,1
13457,13241,0,24351,1,1,0,61201,1,0.983875761628771,1.809407044137316,36850,0
13380,8705,0,30981,6,1,0,27694,1,0.6505492863014722,2.3152978103280772,-3287,0
10783,4719,0,8367,4,0,0,84766,0,0.4375927299703264,0.7758716617210683,76399,0
14473,1302,1,5285,5,0,0,17995,0,0.08995440099488738,0.3651374879093547,12710,0
18328,13144,0,43664,7,1,0,87320,0,0.7171149544437776,2.382235801189372,43656,0
3827,13875,0,37705,9,1,0,75141,1,3.6246081504702192,9.849791013584117,37436,1
10147,1986,0,16753,3,1,0,77999,0,0.19570358691367756,1.6508671659440284,61246,0
7451,11055,0,18485,6,1,0,3419,0,1.4834943639291465,2.480542136339238,-15066,0
18343,5440,0,12977,5,1,0,42952,0,0.2965547317924117,0.7074247710423026,29975,0
16635,5909,0,19874,9,0,0,28837,0,0.35519355614330367,1.194638134166867,8963,0
8959,4072,0,7674,1,0,0,65799,1,0.4544642857142857,0.8564732142857143,58125,0
3126,14598,0,29038,7,0,0,43877,1,4.668372241765271,9.28621682123441,14839,1
11795,14965,0,29315,9,1,0,40687,0,1.2686503899626993,2.485164462529671,11372,0
14641,4124,0,3676,8,0,0,94667,0,0.281655511542139,0.2510585985521104,90991,0
10196,10519,0,2426,4,1,0,32276,1,1.0315779150730606,0.23791311169951945,29850,0
14559,14380,0,24473,9,1,0,29523,1,0.9876373626373627,1.680837912087912,5050,0
6368,11600,0,2962,3,0,0,61055,0,1.8213220285759146,0.4650651593656775,58093,0
6797,12865,0,29943,5,1,0,49615,1,1.8924683730508973,4.404677846425419,19672,0
18114,9125,0,859,7,1,0,91642,1,0.5037261937620756,0.047419265801821694,90783,0
16718,4291,1,44816,2,0,0,5514,0,0.2566541061068246,2.6805430946826965,-39302,1
4792,5033,0,4138,9,1,0,42456,0,1.0500730231587732,0.8633423742958481,38318,1
14053,6105,1,35192,0,0,0,2233,0,0.4343959015226982,2.5040557848299416,-32959,1
6476,1703,0,25640,3,1,0,-3898,1,0.2629303689979929,3.958622819206423,-29538,0
6417,9133,0,10409,3,0,0,61133,0,1.4230289809909629,1.621844811467747,50724,0
4645,1574,1,4017,0,1,0,41715,0,0.3387860525182953,0.8646147223417994,37698,1
17755,6704,1,10451,8,1,0,80193,0,0.37756251407974767,0.5885897724712773,69742,0
6072,12424,0,28327,2,0,0,99085,0,2.045776387287996,4.664416268730446,70758,0
4854,8848,0,10278,4,1,1,1256,1,1.8224510813594232,2.116992790937178,-9022,0
7662,6208,0,24944,5,1,0,59800,1,0.810126582278481,3.25512201487668,34856,0
9514,13975,1,43764,7,1,0,89937,1,1.468733578560168,4.599474513925381,46173,1
5708,7924,0,1134,5,1,0,36548,1,1.3879838850937116,0.19863373620599054,35414,0
14694,11824,0,30131,2,1,0,67090,0,0.8046274242939775,2.050425314732902,36959,0
12524,4828,0,37887,5,1,0,73200,0,0.3854690618762475,3.0249101796407185,35313,0
9456,4230,0,38462,0,0,0,37367,0,0.44728772337950723,4.067040287617638,-1095,0
7212,1488,0,22520,3,1,0,84922,0,0.20629419104394842,3.1221405795092196,62402,0
16224,8114,1,21869,5,1,0,65382,1,0.5000924499229584,1.3478582434514639,43513,0
10970,10539,0,36932,6,1,1,21205,0,0.9606234618539786,3.3663294139093973,-15727,0
19920,12873,0,5039,9,1,0,20570,1,0.6462024998745043,0.25294914913909944,15531,0
4625,4173,0,21281,2,0,1,25255,1,0.9020752269779507,4.6003026372676175,3974,0
13314,13781,1,47399,8,1,0,16182,1,1.0349981224183251,3.559819752159219,-31217,1
10973,2667,0,10442,6,0,0,34373,0,0.2430289775833789,0.9515217787497722,23931,0
11577,10829,1,8252,0,1,0,38019,0,0.9353083434099153,0.7127310416306789,29767,0
11070,5114,0,27586,1,0,0,57619,1,0.4619275584861349,2.49173516394183,30033,0
11666,4553,0,17568,0,0,1,11043,1,0.3902459929716294,1.5057855489843148,-6525,0
6600,8761,0,20810,8,0,0,40532,0,1.3272231480078776,3.152552643538858,19722,0
9783,2000,1,1551,8,0,0,96290,1,0.2044153720359771,0.15852412101390023,94739,0
16226,10042,1,12625,6,0,0,60936,0,0.618845134652123,0.7780242805201207,48311,0
12146,2388,0,34397,9,1,0,14239,0,0.19659175104964188,2.831727998682802,-20158,0
7971,6450,1,26249,2,1,0,5416,0,0.8090817862518815,3.2926492724535876,-20833,0
16490,4712,1,1361,4,0,1,-1588,0,0.28573161118185675,0.08252986477472561,-2949,1
15951,2367,0,26149,3,1,0,76976,0,0.1483826479438315,1.639230190571715,50827,0
15312,9189,0,4370,6,1,0,19406,0,0.6000783647880885,0.28537843662247764,15036,0
4990,10013,1,5283,8,0,0,-3125,0,2.0062111801242235,1.058505309557203,-8408,1
8299,1454,0,7610,1,1,0,32066,0,0.17518072289156628,0.9168674698795181,24456,0
15997,10816,1,43326,7,0,1,97072,1,0.6760845105638205,2.7082135266908365,53746,1
16472,3772,0,14924,8,0,0,752,0,0.228980756389243,0.9059673404965701,-14172,0
7380,4726,0,47607,9,0,1,81753,0,0.6402926432732692,6.449939032651402,34146,0
7757,8232,0,44717,9,0,0,73025,0,1.0610982211910287,5.763985563289507,28308,1
13395,12339,0,10626,8,1,0,-3647,0,0.9210958495073156,0.7932218572708271,-14273,0
19241,13281,0,34761,9,1,0,21986,0,0.6902089179918928,1.80651699407546,-12775,0
8588,5806,0,869,6,1,0,81907,1,0.6759809058097567,0.1011759226918151,81038,0
7944,3190,1,31552,8,1,0,99901,0,0.40151038388923854,3.9713027061044683,68349,1
16395,10108,0,1014,8,0,0,9691,0,0.6164918272749451,0.06184435228104416,8677,0
7243,13178,0,10103,2,0,0,64847,0,1.8191606847045831,1.3946714522363335,54744,0
12916,3875,0,16986,3,1,1,43075,0,0.29999225826430287,1.3150112255167608,26089,0
12984,6592,0,44781,1,1,0,5794,1,0.5076626877165961,3.4486715440893336,-38987,0
4759,2440,0,30471,9,0,0,63470,0,0.5126050420168067,6.401470588235294,32999,1
12181,13592,1,33458,2,1,0,11406,1,1.1157445411262519,2.7465112461008045,-22052,1
5482,9927,0,25069,4,1,0,70930,1,1.8105051978843698,4.572132044501186,45861,0
3951,12760,0,16873,4,1,0,21872,0,3.2287449392712553,4.269483805668016,4999,0
5079,7059,0,23248,5,0,0,36708,1,1.3895669291338584,4.576377952755905,13460,0
5717,12530,0,23624,6,0,0,15800,0,2.191325638335082,4.1315145155648825,-7824,1
12692,8010,0,43516,6,0,0,38397,1,0.6310564878279367,3.428346332624281,-5119,0
10311,12207,0,29061,0,0,0,32909,1,1.183766485647789,2.8181730023273857,3848,0
3768,8117,1,24170,1,1,0,16352,0,2.1536216503051206,6.412841602547095,-7818,1
8490,12081,1,8024,8,1,0,96975,0,1.4228006124131434,0.9450005888587917,88951,1
18534,10153,1,16678,9,0,1,88848,0,0.5477744807121662,0.8998111680604263,72170,0
9645,3989,0,38256,1,1,0,10438,0,0.41353929089778146,3.9659962678830603,-27818,0
8232,13040,1,20411,5,0,0,83921,0,1.5838697922992833,2.479169197133487,63510,0
14485,10218,0,43803,0,0,0,39999,1,0.7053707027474804,3.0238160983018085,-3804,0
8797,7228,0,19296,2,0,0,13482,1,0.8215503523528075,2.1932257331211638,-5814,0
15342,13057,0,26293,1,0,1,27471,1,0.8510069738643029,1.7136805057681028,1178,0
11038,7471,0,27172,2,0,0,42279,0,0.6767823172388804,2.461454841924087,15107,0
19002,3863,1,21128,4,0,0,49213,0,0.2032836920486239,1.1118244487712468,28085,0
16087,14761,0,18257,9,1,1,8026,0,0.9175161611138737,1.1348209845847836,-10231,0
7873,11693,0,12855,5,1,1,80184,0,1.4850139700279401,1.6325882651765304,67329,0
4481,11139,0,19642,8,1,0,435,0,2.4852744310575634,4.382418563141455,-19207,1
13093,2177,0,35585,9,0,0,3493,1,0.16625935542996792,2.7176569421108905,-32092,0
17422,5760,0,20025,3,1,1,67227,1,0.33059748608161627,1.149342822705619,47202,0
19438,1011,0,4458,6,0,0,54321,0,0.052008848191779415,0.22933278460826173,49863,0
10643,6252,0,5307,5,1,0,-2237,0,0.5873731679819617,0.49859075535512964,-7544,0
18708,5399,0,41701,1,0,0,15389,0,0.28857768988187504,2.228927254262654,-26312,0
14271,12556,0,18425,9,1,0,26498,1,0.8797645739910314,1.2909893497757847,8073,0
15600,12214,1,49831,7,0,0,58755,0,0.7828985321453753,3.1940901224280496,8924,1
13998,12563,0,43427,6,0,0,96545,1,0.8974212443745981,3.1021501535823988,53118,0
17295,12022,1,28273,6,1,0,30825,1,0.6950740055504163,1.6346554116558742,2552,0
13682,9234,0,38506,7,1,0,11934,0,0.6748520061390046,2.814148943945041,-26572,0
19380,10135,0,5668,0,0,0,574,1,0.5229348330839482,0.2924513698983541,-5094,0
11519,11582,1,25934,0,1,0,33179,0,1.0053819444444445,2.251215277777778,7245,0
6300,6445,0,47195,7,1,0,-3413,1,1.0228535153150293,7.490080939533407,-50608,1
9722,11737,0,7697,3,0,0,37782,0,1.2071377146971098,0.7916280983235627,30085,0
10218,11603,0,24417,4,0,1,99224,0,1.135433995498581,2.389372737058421,74807,0
6054,14178,0,16446,7,0,0,49412,1,2.341535920726672,2.7161023947151115,32966,0
16575,7570,0,40597,4,1,0,55561,0,0.45668436293436293,2.44914333976834,14964,0
10970,10196,1,10751,9,1,0,72224,1,0.9293592197611886,0.9799471333515632,61473,0
5143,9212,0,46218,3,0,0,-591,0,1.790824261275272,8.9848367029549,-46809,1
12503,1406,1,7352,5,0,0,66319,1,0.11244401791426743,0.5879718490083173,58967,0
18149,10206,0,13516,4,0,0,94016,1,0.5623140495867769,0.7446831955922865,80500,0
15175,5431,1,23299,6,1,0,21751,1,0.35786768581971534,1.5352530311017396,-1548,0
11356,11030,0,31957,9,1,0,33174,1,0.9712071849960376,2.8138592938275955,1217,0
18070,12380,0,28927,6,1,1,51572,0,0.685075535388191,1.6007415195617287,22645,0
3822,6243,1,41094,3,1,1,56416,1,1.6330107245618624,10.749149882291395,15322,1
17289,7542,0,36412,4,1,0,7041,1,0.4362058993637941,2.105957200694043,-29371,0
9150,7936,0,29493,2,1,0,18227,0,0.8672276253961315,3.2229264561250135,-11266,0
7425,9906,0,26711,3,0,0,30201,1,1.333961755992459,3.59695663883652,3490,0
19032,5146,0,8003,3,1,1,31069,0,0.2703725109021174,0.42048021856775075,23066,0
5198,13046,0,31707,2,0,0,77190,0,2.5093287170609733,6.09867282169648,45483,1
6452,13611,0,3278,9,0,1,21370,0,2.109251510925151,0.5079807841314118,18092,0
12106,14076,1,7296,4,0,1,90018,0,1.1626331874122409,0.6026265796646568,82722,0
16859,1140,1,25398,4,1,1,6586,0,0.06761565836298933,1.506405693950178,-18812,0
11705,13757,0,35842,6,0,0,45231,1,1.175209294378951,3.0618486246369385,9389,1
13112,5882,0,13261,3,0,0,322,0,0.44856249523373753,1.0112865095706551,-12939,0
7841,14645,0,11173,3,0,0,60294,0,1.8675082887018617,1.424764090793165,49121,0
18358,7012,0,30449,8,0,0,74468,0,0.381938014053053,1.6585325998148048,44019,0
4409,1963,0,41080,5,0,1,24299,0,0.445124716553288,9.315192743764172,-16781,1
7566,8151,0,1637,3,0,0,85715,0,1.0771772168626932,0.21633408219902206,84078,0
14382,9564,0,31781,1,1,0,65793,0,0.6649516790655635,2.209622470972676,34012,0
17596,12827,0,13652,5,0,0,41501,0,0.728931067795647,0.7758140592146389,27849,0
3804,11733,0,5103,1,1,1,52134,0,3.083574244415243,1.3411300919842313,47031,0
16221,4610,0,25500,4,0,0,4777,0,0.28418197509554927,1.5719393416348169,-20723,0
4279,10884,0,49796,5,1,0,6249,1,2.5429906542056075,11.634579439252336,-43547,1
16192,7894,0,34800,3,1,0,16390,0,0.4874945964305564,2.149076761563639,-18410,0
10083,14467,1,35529,2,0,0,15369,0,1.4346489488298295,3.5233042443474814,-20160,1
14093,14959,1,47963,6,0,1,7881,1,1.061373634170569,3.403079324535263,-40082,1
15880,8311,0,18452,1,1,0,4587,1,0.5233297651281406,1.1618915685410238,-13865,0
18517,1105,0,49393,5,1,1,88800,0,0.05967167080678259,2.6672966843071606,39407,0
5106,6539,0,31174,3,0,0,69327,1,1.2803994517329156,6.104170746034854,38153,1
19086,10873,0,35436,5,1,0,82911,1,0.5696547388274742,1.856551579609158,47475,0
7831,13289,1,47406,3,0,1,83147,0,1.6967568947906027,6.052860061287028,35741,1
6186,13208,0,15954,3,1,0,2833,1,2.1347987716179087,2.578632616777113,-13121,0
5573,11828,0,17186,3,0,0,42013,0,2.121994976677431,3.0832436311446,24827,0
15808,7787,0,12356,8,0,1,58620,1,0.49256752482762983,0.781580112594092,46264,0
5599,3137,0,32963,6,1,0,10754,1,0.5601785714285714,5.88625,-22209,1
7033,12608,0,2187,2,1,0,73113,0,1.7924367358544213,0.31091839636053453,70926,0
11428,5445,1,11707,2,1,0,91631,0,0.4764196342637151,1.0243240878467057,79924,0
4304,4530,0,35098,5,0,0,81784,1,1.0522648083623694,8.152845528455284,46686,1
11633,2286,0,26935,5,0,0,30282,1,0.1964930376482723,2.3151968368574867,3347,0
14372,12371,0,21225,3,0,0,31737,0,0.8607110554511932,1.4767271968273847,10512,0
11996,14350,0,3606,8,1,0,92427,1,1.1961323664249395,0.30057514378594646,88821,0
19458,8052,1,32828,3,1,0,19124,1,0.41379310344827586,1.6870342771982116,-13704,1
8475,4654,1,26489,8,1,1,65102,1,0.549079754601227,3.1251769702689947,38613,0
10184,8102,0,14387,3,1,0,-2804,0,0.7954835542464408,1.4125675012272951,-17191,0
15875,3359,0,3927,1,0,0,56527,0,0.21157722348198538,0.24735449735449735,52600,0
4622,9105,1,6296,1,0,1,91651,0,1.9695003244646334,1.3618862210685703,85355,1
18988,9636,1,30444,4,0,0,80395,0,0.5074516825530571,1.6032439833587866,49951,1
11041,7441,0,46390,3,1,0,6345,0,0.6738815431986959,4.201231660930991,-40045,0
19725,6047,1,46893,6,0,0,29077,0,0.30654973131907126,2.3772178850248404,-17816,1
10992,9227,0,2591,4,0,1,61400,0,0.8393523151096152,0.23569544255435276,58809,0
18646,6203,0,44895,5,0,1,7055,1,0.3326540462272752,2.4076258915643267,-37840,0
7263,10667,0,48516,9,0,0,98693,0,1.4684746696035242,6.6789647577092515,50177,1
17060,13149,1,26147,3,1,0,80283,0,0.7707051169333567,1.5325596389426177,54136,0
18156,2798,1,38889,1,1,1,39484,0,0.154100346973619,2.141818582364928,595,1
11646,11037,0,1200,9,0,0,72514,1,0.9476259981111016,0.1030308233879969,71314,0
14664,10600,0,15721,8,1,1,85135,1,0.7228094101602455,1.0720081827480394,69414,0
5969,6291,0,19238,9,1,0,30771,0,1.0537688442211055,3.2224455611390286,11533,1
6028,6495,1,11087,6,0,0,52654,0,1.077293083430088,1.8389450986896667,41567,1
6629,10900,0,30816,3,0,0,41540,0,1.6440422322775263,4.647963800904978,10724,0
6067,14673,0,23408,2,0,0,78151,1,2.418094924192485,3.857613711272248,54743,0
8941,12130,0,39740,9,1,0,99885,0,1.3565197942294789,4.4441959293223,60145,1
14555,7284,0,136,2,1,0,24377,0,0.5004122011541632,0.00934322616103325,24241,0
16081,8285,0,17413,8,0,0,90567,0,0.5151722422584256,1.0827633378932968,73154,0
9819,2300,0,48114,4,0,0,44573,0,0.23421588594704684,4.8995926680244395,-3541,0
14046,7869,1,18978,2,0,1,37733,0,0.5601907880686268,1.3510358083576564,18755,0
5711,10435,0,661,4,0,0,6760,0,1.8268557422969187,0.11572128851540617,6099,0
7853,13168,1,35240,1,0,0,94250,0,1.6765979118920296,4.486885663356252,59010,1
10715,4097,0,27253,3,0,1,20762,0,0.3823254945875327,2.5432064203060842,-6491,0
11942,5616,0,26884,9,1,0,45986,1,0.4702336096458176,2.2510257054341456,19102,0
18507,1009,1,32854,1,0,1,29332,1,0.05451696563648152,1.7751242705856927,-3522,1
18826,14271,0,10704,1,0,0,35100,0,0.7580071174377224,0.5685451744834547,24396,0
4762,11617,1,38987,7,0,0,-56,0,2.4390090279235777,8.185387360906992,-39043,1
18850,6752,0,24527,0,1,1,43825,0,0.3581772850246671,1.3010980849822291,19298,0
15112,10852,0,16322,6,0,0,8877,0,0.7180573016608218,1.0799973532720175,-7445,0
15652,11823,1,47517,4,1,0,24990,1,0.755318469303009,3.03564811857152,-22527,1
9122,7295,0,6968,7,0,0,94612,0,0.7996273155760166,0.7637838430340896,87644,0
3481,5815,0,27518,0,1,0,50283,0,1.6700172314761632,7.902929350947731,22765,0
17536,2072,1,46364,6,0,0,-1742,1,0.11815019672692023,2.6437817186519927,-48106,1
3153,4225,1,27886,4,1,0,26629,1,1.339568801521877,8.84147114774889,-1257,1
10617,14146,0,1700,3,1,0,32579,0,1.3322659634582783,0.16010548125824073,30879,0
4524,2316,0,28246,6,1,0,17958,1,0.5118232044198895,6.242209944751381,-10288,0
5120,6699,0,35468,9,0,0,34465,0,1.3081429408318688,6.925991017379418,-1003,1
18048,13337,1,23199,1,1,0,80853,1,0.7389329048700759,1.285334367554989,57654,0
5343,7807,1,44589,0,1,0,10775,0,1.4608907185628743,8.34375,-33814,1
